snapshot,issue_idx,issue_id,reward_practice,created_at,closed_at,severity,effort_minutes
2017-07-01 00:00:00+00:00,2,AZpLECBBEL2EsUOqrbCe,-0.01,2017-06-28 16:52:27+00:00,2025-12-20 01:10:49+00:00,LOW,15
2017-07-01 00:00:00+00:00,4,AZpLECBBEL2EsUOqrbCg,-0.01,2017-06-28 16:52:27+00:00,2025-12-20 01:10:49+00:00,LOW,15
2017-07-01 00:00:00+00:00,1,AZpLECY6EL2EsUOqrbCj,-0.01,2017-06-28 16:52:27+00:00,2025-12-20 01:10:49+00:00,LOW,15
2017-07-01 00:00:00+00:00,3,AZpLECBBEL2EsUOqrbCf,-0.01,2017-06-28 16:52:27+00:00,2025-12-20 01:10:49+00:00,LOW,15
2017-07-01 00:00:00+00:00,0,AZpLECY6EL2EsUOqrbCi,-0.01,2017-06-28 16:52:27+00:00,2025-12-20 01:10:49+00:00,LOW,15
2017-08-01 00:00:00+00:00,2,AZpLECBBEL2EsUOqrbCe,-0.01,2017-06-28 16:52:27+00:00,2025-12-20 01:10:49+00:00,LOW,15
2017-08-01 00:00:00+00:00,0,AZpLECY6EL2EsUOqrbCi,-0.01,2017-06-28 16:52:27+00:00,2025-12-20 01:10:49+00:00,LOW,15
2017-08-01 00:00:00+00:00,3,AZpLECBBEL2EsUOqrbCf,-0.01,2017-06-28 16:52:27+00:00,2025-12-20 01:10:49+00:00,LOW,15
2017-08-01 00:00:00+00:00,1,AZpLECY6EL2EsUOqrbCj,-0.01,2017-06-28 16:52:27+00:00,2025-12-20 01:10:49+00:00,LOW,15
2017-08-01 00:00:00+00:00,4,AZpLECBBEL2EsUOqrbCg,-0.01,2017-06-28 16:52:27+00:00,2025-12-20 01:10:49+00:00,LOW,15
2017-09-01 00:00:00+00:00,4,AZpLECBBEL2EsUOqrbCg,-0.01,2017-06-28 16:52:27+00:00,2025-12-20 01:10:49+00:00,LOW,15
2017-09-01 00:00:00+00:00,2,AZpLECBBEL2EsUOqrbCe,-0.01,2017-06-28 16:52:27+00:00,2025-12-20 01:10:49+00:00,LOW,15
2017-09-01 00:00:00+00:00,1,AZpLECY6EL2EsUOqrbCj,-0.01,2017-06-28 16:52:27+00:00,2025-12-20 01:10:49+00:00,LOW,15
2017-09-01 00:00:00+00:00,0,AZpLECY6EL2EsUOqrbCi,-0.01,2017-06-28 16:52:27+00:00,2025-12-20 01:10:49+00:00,LOW,15
2017-09-01 00:00:00+00:00,3,AZpLECBBEL2EsUOqrbCf,-0.01,2017-06-28 16:52:27+00:00,2025-12-20 01:10:49+00:00,LOW,15
2017-10-01 00:00:00+00:00,3,AZpLECBBEL2EsUOqrbCf,-0.01,2017-06-28 16:52:27+00:00,2025-12-20 01:10:49+00:00,LOW,15
2017-10-01 00:00:00+00:00,0,AZpLECY6EL2EsUOqrbCi,-0.01,2017-06-28 16:52:27+00:00,2025-12-20 01:10:49+00:00,LOW,15
2017-10-01 00:00:00+00:00,1,AZpLECY6EL2EsUOqrbCj,-0.01,2017-06-28 16:52:27+00:00,2025-12-20 01:10:49+00:00,LOW,15
2017-10-01 00:00:00+00:00,2,AZpLECBBEL2EsUOqrbCe,-0.01,2017-06-28 16:52:27+00:00,2025-12-20 01:10:49+00:00,LOW,15
2017-10-01 00:00:00+00:00,4,AZpLECBBEL2EsUOqrbCg,-0.01,2017-06-28 16:52:27+00:00,2025-12-20 01:10:49+00:00,LOW,15
2017-11-01 00:00:00+00:00,2,AZpLECBBEL2EsUOqrbCe,-0.01,2017-06-28 16:52:27+00:00,2025-12-20 01:10:49+00:00,LOW,15
2017-11-01 00:00:00+00:00,1,AZpLECY6EL2EsUOqrbCj,-0.01,2017-06-28 16:52:27+00:00,2025-12-20 01:10:49+00:00,LOW,15
2017-11-01 00:00:00+00:00,0,AZpLECY6EL2EsUOqrbCi,-0.01,2017-06-28 16:52:27+00:00,2025-12-20 01:10:49+00:00,LOW,15
2017-11-01 00:00:00+00:00,3,AZpLECBBEL2EsUOqrbCf,-0.01,2017-06-28 16:52:27+00:00,2025-12-20 01:10:49+00:00,LOW,15
2017-11-01 00:00:00+00:00,4,AZpLECBBEL2EsUOqrbCg,-0.01,2017-06-28 16:52:27+00:00,2025-12-20 01:10:49+00:00,LOW,15
2017-12-01 00:00:00+00:00,4,AZpLECBBEL2EsUOqrbCg,-0.01,2017-06-28 16:52:27+00:00,2025-12-20 01:10:49+00:00,LOW,15
2017-12-01 00:00:00+00:00,0,AZpLECY6EL2EsUOqrbCi,-0.01,2017-06-28 16:52:27+00:00,2025-12-20 01:10:49+00:00,LOW,15
2017-12-01 00:00:00+00:00,3,AZpLECBBEL2EsUOqrbCf,-0.01,2017-06-28 16:52:27+00:00,2025-12-20 01:10:49+00:00,LOW,15
2017-12-01 00:00:00+00:00,2,AZpLECBBEL2EsUOqrbCe,-0.01,2017-06-28 16:52:27+00:00,2025-12-20 01:10:49+00:00,LOW,15
2017-12-01 00:00:00+00:00,1,AZpLECY6EL2EsUOqrbCj,-0.01,2017-06-28 16:52:27+00:00,2025-12-20 01:10:49+00:00,LOW,15
2018-01-01 00:00:00+00:00,0,AZpLECY6EL2EsUOqrbCi,-0.01,2017-06-28 16:52:27+00:00,2025-12-20 01:10:49+00:00,LOW,15
2018-01-01 00:00:00+00:00,1,AZpLECY6EL2EsUOqrbCj,-0.01,2017-06-28 16:52:27+00:00,2025-12-20 01:10:49+00:00,LOW,15
2018-01-01 00:00:00+00:00,2,AZpLECBBEL2EsUOqrbCe,-0.01,2017-06-28 16:52:27+00:00,2025-12-20 01:10:49+00:00,LOW,15
2018-01-01 00:00:00+00:00,3,AZpLECBBEL2EsUOqrbCf,-0.01,2017-06-28 16:52:27+00:00,2025-12-20 01:10:49+00:00,LOW,15
2018-01-01 00:00:00+00:00,4,AZpLECBBEL2EsUOqrbCg,-0.01,2017-06-28 16:52:27+00:00,2025-12-20 01:10:49+00:00,LOW,15
2018-02-01 00:00:00+00:00,0,AZpLECY6EL2EsUOqrbCi,-0.01,2017-06-28 16:52:27+00:00,2025-12-20 01:10:49+00:00,LOW,15
2018-02-01 00:00:00+00:00,3,AZpLECBBEL2EsUOqrbCf,-0.01,2017-06-28 16:52:27+00:00,2025-12-20 01:10:49+00:00,LOW,15
2018-02-01 00:00:00+00:00,1,AZpLECY6EL2EsUOqrbCj,-0.01,2017-06-28 16:52:27+00:00,2025-12-20 01:10:49+00:00,LOW,15
2018-02-01 00:00:00+00:00,4,AZpLECBBEL2EsUOqrbCg,-0.01,2017-06-28 16:52:27+00:00,2025-12-20 01:10:49+00:00,LOW,15
2018-02-01 00:00:00+00:00,2,AZpLECBBEL2EsUOqrbCe,-0.01,2017-06-28 16:52:27+00:00,2025-12-20 01:10:49+00:00,LOW,15
2018-03-01 00:00:00+00:00,2,AZpLECBBEL2EsUOqrbCe,-0.01,2017-06-28 16:52:27+00:00,2025-12-20 01:10:49+00:00,LOW,15
2018-03-01 00:00:00+00:00,3,AZpLECBBEL2EsUOqrbCf,-0.01,2017-06-28 16:52:27+00:00,2025-12-20 01:10:49+00:00,LOW,15
2018-03-01 00:00:00+00:00,0,AZpLECY6EL2EsUOqrbCi,-0.01,2017-06-28 16:52:27+00:00,2025-12-20 01:10:49+00:00,LOW,15
2018-03-01 00:00:00+00:00,4,AZpLECBBEL2EsUOqrbCg,-0.01,2017-06-28 16:52:27+00:00,2025-12-20 01:10:49+00:00,LOW,15
2018-03-01 00:00:00+00:00,1,AZpLECY6EL2EsUOqrbCj,-0.01,2017-06-28 16:52:27+00:00,2025-12-20 01:10:49+00:00,LOW,15
2018-04-01 00:00:00+00:00,0,AZpLECY6EL2EsUOqrbCi,-0.01,2017-06-28 16:52:27+00:00,2025-12-20 01:10:49+00:00,LOW,15
2018-04-01 00:00:00+00:00,3,AZpLECBBEL2EsUOqrbCf,-0.01,2017-06-28 16:52:27+00:00,2025-12-20 01:10:49+00:00,LOW,15
2018-04-01 00:00:00+00:00,4,AZpLECBBEL2EsUOqrbCg,-0.01,2017-06-28 16:52:27+00:00,2025-12-20 01:10:49+00:00,LOW,15
2018-04-01 00:00:00+00:00,2,AZpLECBBEL2EsUOqrbCe,-0.01,2017-06-28 16:52:27+00:00,2025-12-20 01:10:49+00:00,LOW,15
2018-04-01 00:00:00+00:00,1,AZpLECY6EL2EsUOqrbCj,-0.01,2017-06-28 16:52:27+00:00,2025-12-20 01:10:49+00:00,LOW,15
2018-05-01 00:00:00+00:00,1,AZpLECY6EL2EsUOqrbCj,-0.01,2017-06-28 16:52:27+00:00,2025-12-20 01:10:49+00:00,LOW,15
2018-05-01 00:00:00+00:00,0,AZpLECY6EL2EsUOqrbCi,-0.01,2017-06-28 16:52:27+00:00,2025-12-20 01:10:49+00:00,LOW,15
2018-05-01 00:00:00+00:00,4,AZpLECBBEL2EsUOqrbCg,-0.01,2017-06-28 16:52:27+00:00,2025-12-20 01:10:49+00:00,LOW,15
2018-05-01 00:00:00+00:00,3,AZpLECBBEL2EsUOqrbCf,-0.01,2017-06-28 16:52:27+00:00,2025-12-20 01:10:49+00:00,LOW,15
2018-05-01 00:00:00+00:00,2,AZpLECBBEL2EsUOqrbCe,-0.01,2017-06-28 16:52:27+00:00,2025-12-20 01:10:49+00:00,LOW,15
2018-06-01 00:00:00+00:00,2,AZpLECBBEL2EsUOqrbCe,-0.01,2017-06-28 16:52:27+00:00,2025-12-20 01:10:49+00:00,LOW,15
2018-06-01 00:00:00+00:00,1,AZpLECY6EL2EsUOqrbCj,-0.01,2017-06-28 16:52:27+00:00,2025-12-20 01:10:49+00:00,LOW,15
2018-06-01 00:00:00+00:00,3,AZpLECBBEL2EsUOqrbCf,-0.01,2017-06-28 16:52:27+00:00,2025-12-20 01:10:49+00:00,LOW,15
2018-06-01 00:00:00+00:00,0,AZpLECY6EL2EsUOqrbCi,-0.01,2017-06-28 16:52:27+00:00,2025-12-20 01:10:49+00:00,LOW,15
2018-06-01 00:00:00+00:00,4,AZpLECBBEL2EsUOqrbCg,-0.01,2017-06-28 16:52:27+00:00,2025-12-20 01:10:49+00:00,LOW,15
2018-07-01 00:00:00+00:00,4,AZpLECBBEL2EsUOqrbCg,-0.01,2017-06-28 16:52:27+00:00,2025-12-20 01:10:49+00:00,LOW,15
2018-07-01 00:00:00+00:00,3,AZpLECBBEL2EsUOqrbCf,-0.01,2017-06-28 16:52:27+00:00,2025-12-20 01:10:49+00:00,LOW,15
2018-07-01 00:00:00+00:00,2,AZpLECBBEL2EsUOqrbCe,-0.01,2017-06-28 16:52:27+00:00,2025-12-20 01:10:49+00:00,LOW,15
2018-07-01 00:00:00+00:00,1,AZpLECY6EL2EsUOqrbCj,-0.01,2017-06-28 16:52:27+00:00,2025-12-20 01:10:49+00:00,LOW,15
2018-07-01 00:00:00+00:00,0,AZpLECY6EL2EsUOqrbCi,-0.01,2017-06-28 16:52:27+00:00,2025-12-20 01:10:49+00:00,LOW,15
2018-08-01 00:00:00+00:00,3,AZpLECBBEL2EsUOqrbCf,-0.01,2017-06-28 16:52:27+00:00,2025-12-20 01:10:49+00:00,LOW,15
2018-08-01 00:00:00+00:00,1,AZpLECY6EL2EsUOqrbCj,-0.01,2017-06-28 16:52:27+00:00,2025-12-20 01:10:49+00:00,LOW,15
2018-08-01 00:00:00+00:00,0,AZpLECY6EL2EsUOqrbCi,-0.01,2017-06-28 16:52:27+00:00,2025-12-20 01:10:49+00:00,LOW,15
2018-08-01 00:00:00+00:00,2,AZpLECBBEL2EsUOqrbCe,-0.01,2017-06-28 16:52:27+00:00,2025-12-20 01:10:49+00:00,LOW,15
2018-08-01 00:00:00+00:00,4,AZpLECBBEL2EsUOqrbCg,-0.01,2017-06-28 16:52:27+00:00,2025-12-20 01:10:49+00:00,LOW,15
2018-09-01 00:00:00+00:00,3,AZpLECBBEL2EsUOqrbCf,-0.01,2017-06-28 16:52:27+00:00,2025-12-20 01:10:49+00:00,LOW,15
2018-09-01 00:00:00+00:00,4,AZpLECBBEL2EsUOqrbCg,-0.01,2017-06-28 16:52:27+00:00,2025-12-20 01:10:49+00:00,LOW,15
2018-09-01 00:00:00+00:00,0,AZpLECY6EL2EsUOqrbCi,-0.01,2017-06-28 16:52:27+00:00,2025-12-20 01:10:49+00:00,LOW,15
2018-09-01 00:00:00+00:00,1,AZpLECY6EL2EsUOqrbCj,-0.01,2017-06-28 16:52:27+00:00,2025-12-20 01:10:49+00:00,LOW,15
2018-09-01 00:00:00+00:00,2,AZpLECBBEL2EsUOqrbCe,-0.01,2017-06-28 16:52:27+00:00,2025-12-20 01:10:49+00:00,LOW,15
2018-10-01 00:00:00+00:00,1,AZpLECY6EL2EsUOqrbCj,-0.01,2017-06-28 16:52:27+00:00,2025-12-20 01:10:49+00:00,LOW,15
2018-10-01 00:00:00+00:00,0,AZpLECY6EL2EsUOqrbCi,-0.01,2017-06-28 16:52:27+00:00,2025-12-20 01:10:49+00:00,LOW,15
2018-10-01 00:00:00+00:00,3,AZpLECBBEL2EsUOqrbCf,-0.01,2017-06-28 16:52:27+00:00,2025-12-20 01:10:49+00:00,LOW,15
2018-10-01 00:00:00+00:00,4,AZpLECBBEL2EsUOqrbCg,-0.01,2017-06-28 16:52:27+00:00,2025-12-20 01:10:49+00:00,LOW,15
2018-10-01 00:00:00+00:00,2,AZpLECBBEL2EsUOqrbCe,-0.01,2017-06-28 16:52:27+00:00,2025-12-20 01:10:49+00:00,LOW,15
2018-11-01 00:00:00+00:00,0,AZpLECY6EL2EsUOqrbCi,-0.01,2017-06-28 16:52:27+00:00,2025-12-20 01:10:49+00:00,LOW,15
2018-11-01 00:00:00+00:00,1,AZpLECY6EL2EsUOqrbCj,-0.01,2017-06-28 16:52:27+00:00,2025-12-20 01:10:49+00:00,LOW,15
2018-11-01 00:00:00+00:00,3,AZpLECBBEL2EsUOqrbCf,-0.01,2017-06-28 16:52:27+00:00,2025-12-20 01:10:49+00:00,LOW,15
2018-11-01 00:00:00+00:00,4,AZpLECBBEL2EsUOqrbCg,-0.01,2017-06-28 16:52:27+00:00,2025-12-20 01:10:49+00:00,LOW,15
2018-11-01 00:00:00+00:00,2,AZpLECBBEL2EsUOqrbCe,-0.01,2017-06-28 16:52:27+00:00,2025-12-20 01:10:49+00:00,LOW,15
2018-12-01 00:00:00+00:00,2,AZpLECBBEL2EsUOqrbCe,-0.01,2017-06-28 16:52:27+00:00,2025-12-20 01:10:49+00:00,LOW,15
2018-12-01 00:00:00+00:00,0,AZpLECY6EL2EsUOqrbCi,-0.01,2017-06-28 16:52:27+00:00,2025-12-20 01:10:49+00:00,LOW,15
2018-12-01 00:00:00+00:00,4,AZpLECBBEL2EsUOqrbCg,-0.01,2017-06-28 16:52:27+00:00,2025-12-20 01:10:49+00:00,LOW,15
2018-12-01 00:00:00+00:00,3,AZpLECBBEL2EsUOqrbCf,-0.01,2017-06-28 16:52:27+00:00,2025-12-20 01:10:49+00:00,LOW,15
2018-12-01 00:00:00+00:00,1,AZpLECY6EL2EsUOqrbCj,-0.01,2017-06-28 16:52:27+00:00,2025-12-20 01:10:49+00:00,LOW,15
2019-01-01 00:00:00+00:00,4,AZpLECBBEL2EsUOqrbCg,-0.01,2017-06-28 16:52:27+00:00,2025-12-20 01:10:49+00:00,LOW,15
2019-01-01 00:00:00+00:00,0,AZpLECY6EL2EsUOqrbCi,-0.01,2017-06-28 16:52:27+00:00,2025-12-20 01:10:49+00:00,LOW,15
2019-01-01 00:00:00+00:00,1,AZpLECY6EL2EsUOqrbCj,-0.01,2017-06-28 16:52:27+00:00,2025-12-20 01:10:49+00:00,LOW,15
2019-01-01 00:00:00+00:00,3,AZpLECBBEL2EsUOqrbCf,-0.01,2017-06-28 16:52:27+00:00,2025-12-20 01:10:49+00:00,LOW,15
2019-01-01 00:00:00+00:00,2,AZpLECBBEL2EsUOqrbCe,-0.01,2017-06-28 16:52:27+00:00,2025-12-20 01:10:49+00:00,LOW,15
2019-02-01 00:00:00+00:00,4,AZpLECBBEL2EsUOqrbCg,-0.01,2017-06-28 16:52:27+00:00,2025-12-20 01:10:49+00:00,LOW,15
2019-02-01 00:00:00+00:00,1,AZpLECY6EL2EsUOqrbCj,-0.01,2017-06-28 16:52:27+00:00,2025-12-20 01:10:49+00:00,LOW,15
2019-02-01 00:00:00+00:00,0,AZpLECY6EL2EsUOqrbCi,-0.01,2017-06-28 16:52:27+00:00,2025-12-20 01:10:49+00:00,LOW,15
2019-02-01 00:00:00+00:00,3,AZpLECBBEL2EsUOqrbCf,-0.01,2017-06-28 16:52:27+00:00,2025-12-20 01:10:49+00:00,LOW,15
2019-02-01 00:00:00+00:00,2,AZpLECBBEL2EsUOqrbCe,-0.01,2017-06-28 16:52:27+00:00,2025-12-20 01:10:49+00:00,LOW,15
2019-03-01 00:00:00+00:00,3,AZpLECBBEL2EsUOqrbCf,-0.01,2017-06-28 16:52:27+00:00,2025-12-20 01:10:49+00:00,LOW,15
2019-03-01 00:00:00+00:00,4,AZpLECBBEL2EsUOqrbCg,-0.01,2017-06-28 16:52:27+00:00,2025-12-20 01:10:49+00:00,LOW,15
2019-03-01 00:00:00+00:00,1,AZpLECY6EL2EsUOqrbCj,-0.01,2017-06-28 16:52:27+00:00,2025-12-20 01:10:49+00:00,LOW,15
2019-03-01 00:00:00+00:00,0,AZpLECY6EL2EsUOqrbCi,-0.01,2017-06-28 16:52:27+00:00,2025-12-20 01:10:49+00:00,LOW,15
2019-03-01 00:00:00+00:00,2,AZpLECBBEL2EsUOqrbCe,-0.01,2017-06-28 16:52:27+00:00,2025-12-20 01:10:49+00:00,LOW,15
2019-04-01 00:00:00+00:00,1,AZpLECY6EL2EsUOqrbCj,-0.01,2017-06-28 16:52:27+00:00,2025-12-20 01:10:49+00:00,LOW,15
2019-04-01 00:00:00+00:00,4,AZpLECBBEL2EsUOqrbCg,-0.01,2017-06-28 16:52:27+00:00,2025-12-20 01:10:49+00:00,LOW,15
2019-04-01 00:00:00+00:00,2,AZpLECBBEL2EsUOqrbCe,-0.01,2017-06-28 16:52:27+00:00,2025-12-20 01:10:49+00:00,LOW,15
2019-04-01 00:00:00+00:00,3,AZpLECBBEL2EsUOqrbCf,-0.01,2017-06-28 16:52:27+00:00,2025-12-20 01:10:49+00:00,LOW,15
2019-04-01 00:00:00+00:00,0,AZpLECY6EL2EsUOqrbCi,-0.01,2017-06-28 16:52:27+00:00,2025-12-20 01:10:49+00:00,LOW,15
2019-05-01 00:00:00+00:00,0,AZpLECY6EL2EsUOqrbCi,-0.01,2017-06-28 16:52:27+00:00,2025-12-20 01:10:49+00:00,LOW,15
2019-05-01 00:00:00+00:00,4,AZpLECBBEL2EsUOqrbCg,-0.01,2017-06-28 16:52:27+00:00,2025-12-20 01:10:49+00:00,LOW,15
2019-05-01 00:00:00+00:00,3,AZpLECBBEL2EsUOqrbCf,-0.01,2017-06-28 16:52:27+00:00,2025-12-20 01:10:49+00:00,LOW,15
2019-05-01 00:00:00+00:00,1,AZpLECY6EL2EsUOqrbCj,-0.01,2017-06-28 16:52:27+00:00,2025-12-20 01:10:49+00:00,LOW,15
2019-05-01 00:00:00+00:00,2,AZpLECBBEL2EsUOqrbCe,-0.01,2017-06-28 16:52:27+00:00,2025-12-20 01:10:49+00:00,LOW,15
2019-06-01 00:00:00+00:00,4,AZpLECBBEL2EsUOqrbCg,-0.01,2017-06-28 16:52:27+00:00,2025-12-20 01:10:49+00:00,LOW,15
2019-06-01 00:00:00+00:00,3,AZpLECBBEL2EsUOqrbCf,-0.01,2017-06-28 16:52:27+00:00,2025-12-20 01:10:49+00:00,LOW,15
2019-06-01 00:00:00+00:00,0,AZpLECY6EL2EsUOqrbCi,-0.01,2017-06-28 16:52:27+00:00,2025-12-20 01:10:49+00:00,LOW,15
2019-06-01 00:00:00+00:00,1,AZpLECY6EL2EsUOqrbCj,-0.01,2017-06-28 16:52:27+00:00,2025-12-20 01:10:49+00:00,LOW,15
2019-06-01 00:00:00+00:00,2,AZpLECBBEL2EsUOqrbCe,-0.01,2017-06-28 16:52:27+00:00,2025-12-20 01:10:49+00:00,LOW,15
2019-07-01 00:00:00+00:00,1,AZpLECY6EL2EsUOqrbCj,-0.01,2017-06-28 16:52:27+00:00,2025-12-20 01:10:49+00:00,LOW,15
2019-07-01 00:00:00+00:00,3,AZpLECBBEL2EsUOqrbCf,-0.01,2017-06-28 16:52:27+00:00,2025-12-20 01:10:49+00:00,LOW,15
2019-07-01 00:00:00+00:00,0,AZpLECY6EL2EsUOqrbCi,-0.01,2017-06-28 16:52:27+00:00,2025-12-20 01:10:49+00:00,LOW,15
2019-07-01 00:00:00+00:00,4,AZpLECBBEL2EsUOqrbCg,-0.01,2017-06-28 16:52:27+00:00,2025-12-20 01:10:49+00:00,LOW,15
2019-07-01 00:00:00+00:00,2,AZpLECBBEL2EsUOqrbCe,-0.01,2017-06-28 16:52:27+00:00,2025-12-20 01:10:49+00:00,LOW,15
2019-08-01 00:00:00+00:00,3,AZpLECBBEL2EsUOqrbCf,-0.01,2017-06-28 16:52:27+00:00,2025-12-20 01:10:49+00:00,LOW,15
2019-08-01 00:00:00+00:00,4,AZpLECBBEL2EsUOqrbCg,-0.01,2017-06-28 16:52:27+00:00,2025-12-20 01:10:49+00:00,LOW,15
2019-08-01 00:00:00+00:00,1,AZpLECY6EL2EsUOqrbCj,-0.01,2017-06-28 16:52:27+00:00,2025-12-20 01:10:49+00:00,LOW,15
2019-08-01 00:00:00+00:00,0,AZpLECY6EL2EsUOqrbCi,-0.01,2017-06-28 16:52:27+00:00,2025-12-20 01:10:49+00:00,LOW,15
2019-08-01 00:00:00+00:00,2,AZpLECBBEL2EsUOqrbCe,-0.01,2017-06-28 16:52:27+00:00,2025-12-20 01:10:49+00:00,LOW,15
2019-09-01 00:00:00+00:00,1,AZpLECY6EL2EsUOqrbCj,-0.01,2017-06-28 16:52:27+00:00,2025-12-20 01:10:49+00:00,LOW,15
2019-09-01 00:00:00+00:00,2,AZpLECBBEL2EsUOqrbCe,-0.01,2017-06-28 16:52:27+00:00,2025-12-20 01:10:49+00:00,LOW,15
2019-09-01 00:00:00+00:00,4,AZpLECBBEL2EsUOqrbCg,-0.01,2017-06-28 16:52:27+00:00,2025-12-20 01:10:49+00:00,LOW,15
2019-09-01 00:00:00+00:00,0,AZpLECY6EL2EsUOqrbCi,-0.01,2017-06-28 16:52:27+00:00,2025-12-20 01:10:49+00:00,LOW,15
2019-09-01 00:00:00+00:00,3,AZpLECBBEL2EsUOqrbCf,-0.01,2017-06-28 16:52:27+00:00,2025-12-20 01:10:49+00:00,LOW,15
2019-10-01 00:00:00+00:00,0,AZpLECY6EL2EsUOqrbCi,-0.01,2017-06-28 16:52:27+00:00,2025-12-20 01:10:49+00:00,LOW,15
2019-10-01 00:00:00+00:00,4,AZpLECBBEL2EsUOqrbCg,-0.01,2017-06-28 16:52:27+00:00,2025-12-20 01:10:49+00:00,LOW,15
2019-10-01 00:00:00+00:00,1,AZpLECY6EL2EsUOqrbCj,-0.01,2017-06-28 16:52:27+00:00,2025-12-20 01:10:49+00:00,LOW,15
2019-10-01 00:00:00+00:00,3,AZpLECBBEL2EsUOqrbCf,-0.01,2017-06-28 16:52:27+00:00,2025-12-20 01:10:49+00:00,LOW,15
2019-10-01 00:00:00+00:00,2,AZpLECBBEL2EsUOqrbCe,-0.01,2017-06-28 16:52:27+00:00,2025-12-20 01:10:49+00:00,LOW,15
2019-11-01 00:00:00+00:00,3,AZpLECBBEL2EsUOqrbCf,-0.01,2017-06-28 16:52:27+00:00,2025-12-20 01:10:49+00:00,LOW,15
2019-11-01 00:00:00+00:00,4,AZpLECBBEL2EsUOqrbCg,-0.01,2017-06-28 16:52:27+00:00,2025-12-20 01:10:49+00:00,LOW,15
2019-11-01 00:00:00+00:00,0,AZpLECY6EL2EsUOqrbCi,-0.01,2017-06-28 16:52:27+00:00,2025-12-20 01:10:49+00:00,LOW,15
2019-11-01 00:00:00+00:00,1,AZpLECY6EL2EsUOqrbCj,-0.01,2017-06-28 16:52:27+00:00,2025-12-20 01:10:49+00:00,LOW,15
2019-11-01 00:00:00+00:00,2,AZpLECBBEL2EsUOqrbCe,-0.01,2017-06-28 16:52:27+00:00,2025-12-20 01:10:49+00:00,LOW,15
2019-12-01 00:00:00+00:00,0,AZpLECY6EL2EsUOqrbCi,-0.01,2017-06-28 16:52:27+00:00,2025-12-20 01:10:49+00:00,LOW,15
2019-12-01 00:00:00+00:00,2,AZpLECBBEL2EsUOqrbCe,-0.01,2017-06-28 16:52:27+00:00,2025-12-20 01:10:49+00:00,LOW,15
2019-12-01 00:00:00+00:00,4,AZpLECBBEL2EsUOqrbCg,-0.01,2017-06-28 16:52:27+00:00,2025-12-20 01:10:49+00:00,LOW,15
2019-12-01 00:00:00+00:00,1,AZpLECY6EL2EsUOqrbCj,-0.01,2017-06-28 16:52:27+00:00,2025-12-20 01:10:49+00:00,LOW,15
2019-12-01 00:00:00+00:00,3,AZpLECBBEL2EsUOqrbCf,-0.01,2017-06-28 16:52:27+00:00,2025-12-20 01:10:49+00:00,LOW,15
2020-01-01 00:00:00+00:00,4,AZpLECBBEL2EsUOqrbCg,-0.01,2017-06-28 16:52:27+00:00,2025-12-20 01:10:49+00:00,LOW,15
2020-01-01 00:00:00+00:00,3,AZpLECBBEL2EsUOqrbCf,-0.01,2017-06-28 16:52:27+00:00,2025-12-20 01:10:49+00:00,LOW,15
2020-01-01 00:00:00+00:00,1,AZpLECY6EL2EsUOqrbCj,-0.01,2017-06-28 16:52:27+00:00,2025-12-20 01:10:49+00:00,LOW,15
2020-01-01 00:00:00+00:00,2,AZpLECBBEL2EsUOqrbCe,-0.01,2017-06-28 16:52:27+00:00,2025-12-20 01:10:49+00:00,LOW,15
2020-01-01 00:00:00+00:00,0,AZpLECY6EL2EsUOqrbCi,-0.01,2017-06-28 16:52:27+00:00,2025-12-20 01:10:49+00:00,LOW,15
2020-02-01 00:00:00+00:00,3,AZpLECBBEL2EsUOqrbCf,-0.01,2017-06-28 16:52:27+00:00,2025-12-20 01:10:49+00:00,LOW,15
2020-02-01 00:00:00+00:00,1,AZpLECY6EL2EsUOqrbCj,-0.01,2017-06-28 16:52:27+00:00,2025-12-20 01:10:49+00:00,LOW,15
2020-02-01 00:00:00+00:00,2,AZpLECBBEL2EsUOqrbCe,-0.01,2017-06-28 16:52:27+00:00,2025-12-20 01:10:49+00:00,LOW,15
2020-02-01 00:00:00+00:00,4,AZpLECBBEL2EsUOqrbCg,-0.01,2017-06-28 16:52:27+00:00,2025-12-20 01:10:49+00:00,LOW,15
2020-02-01 00:00:00+00:00,0,AZpLECY6EL2EsUOqrbCi,-0.01,2017-06-28 16:52:27+00:00,2025-12-20 01:10:49+00:00,LOW,15
2020-03-01 00:00:00+00:00,4,AZpLECBBEL2EsUOqrbCg,-0.01,2017-06-28 16:52:27+00:00,2025-12-20 01:10:49+00:00,LOW,15
2020-03-01 00:00:00+00:00,0,AZpLECY6EL2EsUOqrbCi,-0.01,2017-06-28 16:52:27+00:00,2025-12-20 01:10:49+00:00,LOW,15
2020-03-01 00:00:00+00:00,3,AZpLECBBEL2EsUOqrbCf,-0.01,2017-06-28 16:52:27+00:00,2025-12-20 01:10:49+00:00,LOW,15
2020-03-01 00:00:00+00:00,2,AZpLECBBEL2EsUOqrbCe,-0.01,2017-06-28 16:52:27+00:00,2025-12-20 01:10:49+00:00,LOW,15
2020-03-01 00:00:00+00:00,1,AZpLECY6EL2EsUOqrbCj,-0.01,2017-06-28 16:52:27+00:00,2025-12-20 01:10:49+00:00,LOW,15
2020-04-01 00:00:00+00:00,4,AZpLECBBEL2EsUOqrbCg,-0.01,2017-06-28 16:52:27+00:00,2025-12-20 01:10:49+00:00,LOW,15
2020-04-01 00:00:00+00:00,1,AZpLECY6EL2EsUOqrbCj,-0.01,2017-06-28 16:52:27+00:00,2025-12-20 01:10:49+00:00,LOW,15
2020-04-01 00:00:00+00:00,2,AZpLECBBEL2EsUOqrbCe,-0.01,2017-06-28 16:52:27+00:00,2025-12-20 01:10:49+00:00,LOW,15
2020-04-01 00:00:00+00:00,0,AZpLECY6EL2EsUOqrbCi,-0.01,2017-06-28 16:52:27+00:00,2025-12-20 01:10:49+00:00,LOW,15
2020-04-01 00:00:00+00:00,3,AZpLECBBEL2EsUOqrbCf,-0.01,2017-06-28 16:52:27+00:00,2025-12-20 01:10:49+00:00,LOW,15
2020-05-01 00:00:00+00:00,1,AZpLECY6EL2EsUOqrbCj,-0.01,2017-06-28 16:52:27+00:00,2025-12-20 01:10:49+00:00,LOW,15
2020-05-01 00:00:00+00:00,4,AZpLECBBEL2EsUOqrbCg,-0.01,2017-06-28 16:52:27+00:00,2025-12-20 01:10:49+00:00,LOW,15
2020-05-01 00:00:00+00:00,3,AZpLECBBEL2EsUOqrbCf,-0.01,2017-06-28 16:52:27+00:00,2025-12-20 01:10:49+00:00,LOW,15
2020-05-01 00:00:00+00:00,0,AZpLECY6EL2EsUOqrbCi,-0.01,2017-06-28 16:52:27+00:00,2025-12-20 01:10:49+00:00,LOW,15
2020-05-01 00:00:00+00:00,2,AZpLECBBEL2EsUOqrbCe,-0.01,2017-06-28 16:52:27+00:00,2025-12-20 01:10:49+00:00,LOW,15
2020-06-01 00:00:00+00:00,3,AZpLECBBEL2EsUOqrbCf,-0.01,2017-06-28 16:52:27+00:00,2025-12-20 01:10:49+00:00,LOW,15
2020-06-01 00:00:00+00:00,2,AZpLECBBEL2EsUOqrbCe,-0.01,2017-06-28 16:52:27+00:00,2025-12-20 01:10:49+00:00,LOW,15
2020-06-01 00:00:00+00:00,1,AZpLECY6EL2EsUOqrbCj,-0.01,2017-06-28 16:52:27+00:00,2025-12-20 01:10:49+00:00,LOW,15
2020-06-01 00:00:00+00:00,4,AZpLECBBEL2EsUOqrbCg,-0.01,2017-06-28 16:52:27+00:00,2025-12-20 01:10:49+00:00,LOW,15
2020-06-01 00:00:00+00:00,0,AZpLECY6EL2EsUOqrbCi,-0.01,2017-06-28 16:52:27+00:00,2025-12-20 01:10:49+00:00,LOW,15
2020-07-01 00:00:00+00:00,4,AZpLECBBEL2EsUOqrbCg,-0.01,2017-06-28 16:52:27+00:00,2025-12-20 01:10:49+00:00,LOW,15
2020-07-01 00:00:00+00:00,3,AZpLECBBEL2EsUOqrbCf,-0.01,2017-06-28 16:52:27+00:00,2025-12-20 01:10:49+00:00,LOW,15
2020-07-01 00:00:00+00:00,2,AZpLECBBEL2EsUOqrbCe,-0.01,2017-06-28 16:52:27+00:00,2025-12-20 01:10:49+00:00,LOW,15
2020-07-01 00:00:00+00:00,1,AZpLECY6EL2EsUOqrbCj,-0.01,2017-06-28 16:52:27+00:00,2025-12-20 01:10:49+00:00,LOW,15
2020-07-01 00:00:00+00:00,0,AZpLECY6EL2EsUOqrbCi,-0.01,2017-06-28 16:52:27+00:00,2025-12-20 01:10:49+00:00,LOW,15
2020-08-01 00:00:00+00:00,4,AZpLECBBEL2EsUOqrbCg,-0.01,2017-06-28 16:52:27+00:00,2025-12-20 01:10:49+00:00,LOW,15
2020-08-01 00:00:00+00:00,3,AZpLECBBEL2EsUOqrbCf,-0.01,2017-06-28 16:52:27+00:00,2025-12-20 01:10:49+00:00,LOW,15
2020-08-01 00:00:00+00:00,2,AZpLECBBEL2EsUOqrbCe,-0.01,2017-06-28 16:52:27+00:00,2025-12-20 01:10:49+00:00,LOW,15
2020-08-01 00:00:00+00:00,1,AZpLECY6EL2EsUOqrbCj,-0.01,2017-06-28 16:52:27+00:00,2025-12-20 01:10:49+00:00,LOW,15
2020-08-01 00:00:00+00:00,0,AZpLECY6EL2EsUOqrbCi,-0.01,2017-06-28 16:52:27+00:00,2025-12-20 01:10:49+00:00,LOW,15
2020-09-01 00:00:00+00:00,3,AZpLECBBEL2EsUOqrbCf,-0.01,2017-06-28 16:52:27+00:00,2025-12-20 01:10:49+00:00,LOW,15
2020-09-01 00:00:00+00:00,1,AZpLECY6EL2EsUOqrbCj,-0.01,2017-06-28 16:52:27+00:00,2025-12-20 01:10:49+00:00,LOW,15
2020-09-01 00:00:00+00:00,4,AZpLECBBEL2EsUOqrbCg,-0.01,2017-06-28 16:52:27+00:00,2025-12-20 01:10:49+00:00,LOW,15
2020-09-01 00:00:00+00:00,2,AZpLECBBEL2EsUOqrbCe,-0.01,2017-06-28 16:52:27+00:00,2025-12-20 01:10:49+00:00,LOW,15
2020-09-01 00:00:00+00:00,0,AZpLECY6EL2EsUOqrbCi,-0.01,2017-06-28 16:52:27+00:00,2025-12-20 01:10:49+00:00,LOW,15
2020-10-01 00:00:00+00:00,1,AZpLECY6EL2EsUOqrbCj,-0.01,2017-06-28 16:52:27+00:00,2025-12-20 01:10:49+00:00,LOW,15
2020-10-01 00:00:00+00:00,2,AZpLECBBEL2EsUOqrbCe,-0.01,2017-06-28 16:52:27+00:00,2025-12-20 01:10:49+00:00,LOW,15
2020-10-01 00:00:00+00:00,3,AZpLECBBEL2EsUOqrbCf,-0.01,2017-06-28 16:52:27+00:00,2025-12-20 01:10:49+00:00,LOW,15
2020-10-01 00:00:00+00:00,4,AZpLECBBEL2EsUOqrbCg,-0.01,2017-06-28 16:52:27+00:00,2025-12-20 01:10:49+00:00,LOW,15
2020-10-01 00:00:00+00:00,0,AZpLECY6EL2EsUOqrbCi,-0.01,2017-06-28 16:52:27+00:00,2025-12-20 01:10:49+00:00,LOW,15
2020-11-01 00:00:00+00:00,0,AZpLECY6EL2EsUOqrbCi,-0.01,2017-06-28 16:52:27+00:00,2025-12-20 01:10:49+00:00,LOW,15
2020-11-01 00:00:00+00:00,2,AZpLECBBEL2EsUOqrbCe,-0.01,2017-06-28 16:52:27+00:00,2025-12-20 01:10:49+00:00,LOW,15
2020-11-01 00:00:00+00:00,3,AZpLECBBEL2EsUOqrbCf,-0.01,2017-06-28 16:52:27+00:00,2025-12-20 01:10:49+00:00,LOW,15
2020-11-01 00:00:00+00:00,1,AZpLECY6EL2EsUOqrbCj,-0.01,2017-06-28 16:52:27+00:00,2025-12-20 01:10:49+00:00,LOW,15
2020-11-01 00:00:00+00:00,4,AZpLECBBEL2EsUOqrbCg,-0.01,2017-06-28 16:52:27+00:00,2025-12-20 01:10:49+00:00,LOW,15
2020-12-01 00:00:00+00:00,1,AZpLECY6EL2EsUOqrbCj,-0.01,2017-06-28 16:52:27+00:00,2025-12-20 01:10:49+00:00,LOW,15
2020-12-01 00:00:00+00:00,3,AZpLECBBEL2EsUOqrbCf,-0.01,2017-06-28 16:52:27+00:00,2025-12-20 01:10:49+00:00,LOW,15
2020-12-01 00:00:00+00:00,0,AZpLECY6EL2EsUOqrbCi,-0.01,2017-06-28 16:52:27+00:00,2025-12-20 01:10:49+00:00,LOW,15
2020-12-01 00:00:00+00:00,2,AZpLECBBEL2EsUOqrbCe,-0.01,2017-06-28 16:52:27+00:00,2025-12-20 01:10:49+00:00,LOW,15
2020-12-01 00:00:00+00:00,4,AZpLECBBEL2EsUOqrbCg,-0.01,2017-06-28 16:52:27+00:00,2025-12-20 01:10:49+00:00,LOW,15
2021-01-01 00:00:00+00:00,2,AZpLECBBEL2EsUOqrbCe,-0.01,2017-06-28 16:52:27+00:00,2025-12-20 01:10:49+00:00,LOW,15
2021-01-01 00:00:00+00:00,0,AZpLECY6EL2EsUOqrbCi,-0.01,2017-06-28 16:52:27+00:00,2025-12-20 01:10:49+00:00,LOW,15
2021-01-01 00:00:00+00:00,4,AZpLECBBEL2EsUOqrbCg,-0.01,2017-06-28 16:52:27+00:00,2025-12-20 01:10:49+00:00,LOW,15
2021-01-01 00:00:00+00:00,1,AZpLECY6EL2EsUOqrbCj,-0.01,2017-06-28 16:52:27+00:00,2025-12-20 01:10:49+00:00,LOW,15
2021-01-01 00:00:00+00:00,3,AZpLECBBEL2EsUOqrbCf,-0.01,2017-06-28 16:52:27+00:00,2025-12-20 01:10:49+00:00,LOW,15
2021-02-01 00:00:00+00:00,2,AZpLECBBEL2EsUOqrbCe,-0.01,2017-06-28 16:52:27+00:00,2025-12-20 01:10:49+00:00,LOW,15
2021-02-01 00:00:00+00:00,3,AZpLECBBEL2EsUOqrbCf,-0.01,2017-06-28 16:52:27+00:00,2025-12-20 01:10:49+00:00,LOW,15
2021-02-01 00:00:00+00:00,0,AZpLECY6EL2EsUOqrbCi,-0.01,2017-06-28 16:52:27+00:00,2025-12-20 01:10:49+00:00,LOW,15
2021-02-01 00:00:00+00:00,4,AZpLECBBEL2EsUOqrbCg,-0.01,2017-06-28 16:52:27+00:00,2025-12-20 01:10:49+00:00,LOW,15
2021-02-01 00:00:00+00:00,1,AZpLECY6EL2EsUOqrbCj,-0.01,2017-06-28 16:52:27+00:00,2025-12-20 01:10:49+00:00,LOW,15
2021-03-01 00:00:00+00:00,1,AZpLECY6EL2EsUOqrbCj,-0.01,2017-06-28 16:52:27+00:00,2025-12-20 01:10:49+00:00,LOW,15
2021-03-01 00:00:00+00:00,0,AZpLECY6EL2EsUOqrbCi,-0.01,2017-06-28 16:52:27+00:00,2025-12-20 01:10:49+00:00,LOW,15
2021-03-01 00:00:00+00:00,4,AZpLECBBEL2EsUOqrbCg,-0.01,2017-06-28 16:52:27+00:00,2025-12-20 01:10:49+00:00,LOW,15
2021-03-01 00:00:00+00:00,3,AZpLECBBEL2EsUOqrbCf,-0.01,2017-06-28 16:52:27+00:00,2025-12-20 01:10:49+00:00,LOW,15
2021-03-01 00:00:00+00:00,2,AZpLECBBEL2EsUOqrbCe,-0.01,2017-06-28 16:52:27+00:00,2025-12-20 01:10:49+00:00,LOW,15
2021-04-01 00:00:00+00:00,1,AZpLECY6EL2EsUOqrbCj,-0.01,2017-06-28 16:52:27+00:00,2025-12-20 01:10:49+00:00,LOW,15
2021-04-01 00:00:00+00:00,3,AZpLECBBEL2EsUOqrbCf,-0.01,2017-06-28 16:52:27+00:00,2025-12-20 01:10:49+00:00,LOW,15
2021-04-01 00:00:00+00:00,0,AZpLECY6EL2EsUOqrbCi,-0.01,2017-06-28 16:52:27+00:00,2025-12-20 01:10:49+00:00,LOW,15
2021-04-01 00:00:00+00:00,4,AZpLECBBEL2EsUOqrbCg,-0.01,2017-06-28 16:52:27+00:00,2025-12-20 01:10:49+00:00,LOW,15
2021-04-01 00:00:00+00:00,2,AZpLECBBEL2EsUOqrbCe,-0.01,2017-06-28 16:52:27+00:00,2025-12-20 01:10:49+00:00,LOW,15
2021-05-01 00:00:00+00:00,0,AZpLECY6EL2EsUOqrbCi,-0.01,2017-06-28 16:52:27+00:00,2025-12-20 01:10:49+00:00,LOW,15
2021-05-01 00:00:00+00:00,1,AZpLECY6EL2EsUOqrbCj,-0.01,2017-06-28 16:52:27+00:00,2025-12-20 01:10:49+00:00,LOW,15
2021-05-01 00:00:00+00:00,4,AZpLECBBEL2EsUOqrbCg,-0.01,2017-06-28 16:52:27+00:00,2025-12-20 01:10:49+00:00,LOW,15
2021-05-01 00:00:00+00:00,2,AZpLECBBEL2EsUOqrbCe,-0.01,2017-06-28 16:52:27+00:00,2025-12-20 01:10:49+00:00,LOW,15
2021-05-01 00:00:00+00:00,3,AZpLECBBEL2EsUOqrbCf,-0.01,2017-06-28 16:52:27+00:00,2025-12-20 01:10:49+00:00,LOW,15
2021-06-01 00:00:00+00:00,0,AZpLECY6EL2EsUOqrbCi,-0.01,2017-06-28 16:52:27+00:00,2025-12-20 01:10:49+00:00,LOW,15
2021-06-01 00:00:00+00:00,4,AZpLECBBEL2EsUOqrbCg,-0.01,2017-06-28 16:52:27+00:00,2025-12-20 01:10:49+00:00,LOW,15
2021-06-01 00:00:00+00:00,1,AZpLECY6EL2EsUOqrbCj,-0.01,2017-06-28 16:52:27+00:00,2025-12-20 01:10:49+00:00,LOW,15
2021-06-01 00:00:00+00:00,2,AZpLECBBEL2EsUOqrbCe,-0.01,2017-06-28 16:52:27+00:00,2025-12-20 01:10:49+00:00,LOW,15
2021-06-01 00:00:00+00:00,3,AZpLECBBEL2EsUOqrbCf,-0.01,2017-06-28 16:52:27+00:00,2025-12-20 01:10:49+00:00,LOW,15
2021-07-01 00:00:00+00:00,4,AZpLECBBEL2EsUOqrbCg,-0.01,2017-06-28 16:52:27+00:00,2025-12-20 01:10:49+00:00,LOW,15
2021-07-01 00:00:00+00:00,0,AZpLECY6EL2EsUOqrbCi,-0.01,2017-06-28 16:52:27+00:00,2025-12-20 01:10:49+00:00,LOW,15
2021-07-01 00:00:00+00:00,1,AZpLECY6EL2EsUOqrbCj,-0.01,2017-06-28 16:52:27+00:00,2025-12-20 01:10:49+00:00,LOW,15
2021-07-01 00:00:00+00:00,2,AZpLECBBEL2EsUOqrbCe,-0.01,2017-06-28 16:52:27+00:00,2025-12-20 01:10:49+00:00,LOW,15
2021-07-01 00:00:00+00:00,3,AZpLECBBEL2EsUOqrbCf,-0.01,2017-06-28 16:52:27+00:00,2025-12-20 01:10:49+00:00,LOW,15
2021-08-01 00:00:00+00:00,4,AZpLECBBEL2EsUOqrbCg,-0.01,2017-06-28 16:52:27+00:00,2025-12-20 01:10:49+00:00,LOW,15
2021-08-01 00:00:00+00:00,2,AZpLECBBEL2EsUOqrbCe,-0.01,2017-06-28 16:52:27+00:00,2025-12-20 01:10:49+00:00,LOW,15
2021-08-01 00:00:00+00:00,0,AZpLECY6EL2EsUOqrbCi,-0.01,2017-06-28 16:52:27+00:00,2025-12-20 01:10:49+00:00,LOW,15
2021-08-01 00:00:00+00:00,3,AZpLECBBEL2EsUOqrbCf,-0.01,2017-06-28 16:52:27+00:00,2025-12-20 01:10:49+00:00,LOW,15
2021-08-01 00:00:00+00:00,1,AZpLECY6EL2EsUOqrbCj,-0.01,2017-06-28 16:52:27+00:00,2025-12-20 01:10:49+00:00,LOW,15
2021-09-01 00:00:00+00:00,1,AZpLECY6EL2EsUOqrbCj,-0.01,2017-06-28 16:52:27+00:00,2025-12-20 01:10:49+00:00,LOW,15
2021-09-01 00:00:00+00:00,4,AZpLECBBEL2EsUOqrbCg,-0.01,2017-06-28 16:52:27+00:00,2025-12-20 01:10:49+00:00,LOW,15
2021-09-01 00:00:00+00:00,0,AZpLECY6EL2EsUOqrbCi,-0.01,2017-06-28 16:52:27+00:00,2025-12-20 01:10:49+00:00,LOW,15
2021-09-01 00:00:00+00:00,2,AZpLECBBEL2EsUOqrbCe,-0.01,2017-06-28 16:52:27+00:00,2025-12-20 01:10:49+00:00,LOW,15
2021-09-01 00:00:00+00:00,3,AZpLECBBEL2EsUOqrbCf,-0.01,2017-06-28 16:52:27+00:00,2025-12-20 01:10:49+00:00,LOW,15
2021-10-01 00:00:00+00:00,2,AZpLECBBEL2EsUOqrbCe,-0.01,2017-06-28 16:52:27+00:00,2025-12-20 01:10:49+00:00,LOW,15
2021-10-01 00:00:00+00:00,4,AZpLECBBEL2EsUOqrbCg,-0.01,2017-06-28 16:52:27+00:00,2025-12-20 01:10:49+00:00,LOW,15
2021-10-01 00:00:00+00:00,0,AZpLECY6EL2EsUOqrbCi,-0.01,2017-06-28 16:52:27+00:00,2025-12-20 01:10:49+00:00,LOW,15
2021-10-01 00:00:00+00:00,1,AZpLECY6EL2EsUOqrbCj,-0.01,2017-06-28 16:52:27+00:00,2025-12-20 01:10:49+00:00,LOW,15
2021-10-01 00:00:00+00:00,3,AZpLECBBEL2EsUOqrbCf,-0.01,2017-06-28 16:52:27+00:00,2025-12-20 01:10:49+00:00,LOW,15
2021-11-01 00:00:00+00:00,3,AZpLECBBEL2EsUOqrbCf,-0.01,2017-06-28 16:52:27+00:00,2025-12-20 01:10:49+00:00,LOW,15
2021-11-01 00:00:00+00:00,2,AZpLECBBEL2EsUOqrbCe,-0.01,2017-06-28 16:52:27+00:00,2025-12-20 01:10:49+00:00,LOW,15
2021-11-01 00:00:00+00:00,1,AZpLECY6EL2EsUOqrbCj,-0.01,2017-06-28 16:52:27+00:00,2025-12-20 01:10:49+00:00,LOW,15
2021-11-01 00:00:00+00:00,4,AZpLECBBEL2EsUOqrbCg,-0.01,2017-06-28 16:52:27+00:00,2025-12-20 01:10:49+00:00,LOW,15
2021-11-01 00:00:00+00:00,0,AZpLECY6EL2EsUOqrbCi,-0.01,2017-06-28 16:52:27+00:00,2025-12-20 01:10:49+00:00,LOW,15
2021-12-01 00:00:00+00:00,3,AZpLECBBEL2EsUOqrbCf,-0.01,2017-06-28 16:52:27+00:00,2025-12-20 01:10:49+00:00,LOW,15
2021-12-01 00:00:00+00:00,1,AZpLECY6EL2EsUOqrbCj,-0.01,2017-06-28 16:52:27+00:00,2025-12-20 01:10:49+00:00,LOW,15
2021-12-01 00:00:00+00:00,2,AZpLECBBEL2EsUOqrbCe,-0.01,2017-06-28 16:52:27+00:00,2025-12-20 01:10:49+00:00,LOW,15
2021-12-01 00:00:00+00:00,4,AZpLECBBEL2EsUOqrbCg,-0.01,2017-06-28 16:52:27+00:00,2025-12-20 01:10:49+00:00,LOW,15
2021-12-01 00:00:00+00:00,0,AZpLECY6EL2EsUOqrbCi,-0.01,2017-06-28 16:52:27+00:00,2025-12-20 01:10:49+00:00,LOW,15
2022-01-01 00:00:00+00:00,1,AY942kNw0sfxtjWlx4cR,-0.01,2021-12-14 00:54:44+00:00,2025-12-15 22:57:21+00:00,LOW,5
2022-01-01 00:00:00+00:00,4,AZpLECY6EL2EsUOqrbCj,-0.01,2017-06-28 16:52:27+00:00,2025-12-20 01:10:49+00:00,LOW,15
2022-01-01 00:00:00+00:00,0,AY942kNw0sfxtjWlx4cQ,-0.01,2021-12-14 00:54:44+00:00,2025-12-15 22:57:21+00:00,LOW,15
2022-01-01 00:00:00+00:00,2,AY942kNw0sfxtjWlx4cS,-0.01,2021-12-14 00:54:44+00:00,2025-12-15 22:57:21+00:00,LOW,5
2022-01-01 00:00:00+00:00,5,AZpLECBBEL2EsUOqrbCe,-0.01,2017-06-28 16:52:27+00:00,2025-12-20 01:10:49+00:00,LOW,15
2022-02-01 00:00:00+00:00,1,AY942kNw0sfxtjWlx4cR,-0.01,2021-12-14 00:54:44+00:00,2025-12-15 22:57:21+00:00,LOW,5
2022-02-01 00:00:00+00:00,3,AZpLECY6EL2EsUOqrbCi,-0.01,2017-06-28 16:52:27+00:00,2025-12-20 01:10:49+00:00,LOW,15
2022-02-01 00:00:00+00:00,4,AZpLECY6EL2EsUOqrbCj,-0.01,2017-06-28 16:52:27+00:00,2025-12-20 01:10:49+00:00,LOW,15
2022-02-01 00:00:00+00:00,7,AZpLECBBEL2EsUOqrbCg,-0.01,2017-06-28 16:52:27+00:00,2025-12-20 01:10:49+00:00,LOW,15
2022-02-01 00:00:00+00:00,6,AZpLECBBEL2EsUOqrbCf,-0.01,2017-06-28 16:52:27+00:00,2025-12-20 01:10:49+00:00,LOW,15
2022-03-01 00:00:00+00:00,0,AY942kNw0sfxtjWlx4cQ,-0.01,2021-12-14 00:54:44+00:00,2025-12-15 22:57:21+00:00,LOW,15
2022-03-01 00:00:00+00:00,1,AY942kNw0sfxtjWlx4cR,-0.01,2021-12-14 00:54:44+00:00,2025-12-15 22:57:21+00:00,LOW,5
2022-03-01 00:00:00+00:00,2,AY942kNw0sfxtjWlx4cS,-0.01,2021-12-14 00:54:44+00:00,2025-12-15 22:57:21+00:00,LOW,5
2022-03-01 00:00:00+00:00,6,AZpLECBBEL2EsUOqrbCf,-0.01,2017-06-28 16:52:27+00:00,2025-12-20 01:10:49+00:00,LOW,15
2022-03-01 00:00:00+00:00,3,AZpLECY6EL2EsUOqrbCi,-0.01,2017-06-28 16:52:27+00:00,2025-12-20 01:10:49+00:00,LOW,15
2022-04-01 00:00:00+00:00,6,AZpLECBBEL2EsUOqrbCf,-0.01,2017-06-28 16:52:27+00:00,2025-12-20 01:10:49+00:00,LOW,15
2022-04-01 00:00:00+00:00,4,AZpLECY6EL2EsUOqrbCj,-0.01,2017-06-28 16:52:27+00:00,2025-12-20 01:10:49+00:00,LOW,15
2022-04-01 00:00:00+00:00,2,AY942kNw0sfxtjWlx4cS,-0.01,2021-12-14 00:54:44+00:00,2025-12-15 22:57:21+00:00,LOW,5
2022-04-01 00:00:00+00:00,1,AY942kNw0sfxtjWlx4cR,-0.01,2021-12-14 00:54:44+00:00,2025-12-15 22:57:21+00:00,LOW,5
2022-04-01 00:00:00+00:00,7,AZpLECBBEL2EsUOqrbCg,-0.01,2017-06-28 16:52:27+00:00,2025-12-20 01:10:49+00:00,LOW,15
2022-05-01 00:00:00+00:00,0,AY942kNw0sfxtjWlx4cQ,-0.01,2021-12-14 00:54:44+00:00,2025-12-15 22:57:21+00:00,LOW,15
2022-05-01 00:00:00+00:00,7,AZpLECBBEL2EsUOqrbCg,-0.01,2017-06-28 16:52:27+00:00,2025-12-20 01:10:49+00:00,LOW,15
2022-05-01 00:00:00+00:00,6,AZpLECBBEL2EsUOqrbCf,-0.01,2017-06-28 16:52:27+00:00,2025-12-20 01:10:49+00:00,LOW,15
2022-05-01 00:00:00+00:00,2,AY942kNw0sfxtjWlx4cS,-0.01,2021-12-14 00:54:44+00:00,2025-12-15 22:57:21+00:00,LOW,5
2022-05-01 00:00:00+00:00,3,AZpLECY6EL2EsUOqrbCi,-0.01,2017-06-28 16:52:27+00:00,2025-12-20 01:10:49+00:00,LOW,15
2022-06-01 00:00:00+00:00,4,AZpLECY6EL2EsUOqrbCj,-0.01,2017-06-28 16:52:27+00:00,2025-12-20 01:10:49+00:00,LOW,15
2022-06-01 00:00:00+00:00,2,AY942kNw0sfxtjWlx4cS,-0.01,2021-12-14 00:54:44+00:00,2025-12-15 22:57:21+00:00,LOW,5
2022-06-01 00:00:00+00:00,1,AY942kNw0sfxtjWlx4cR,-0.01,2021-12-14 00:54:44+00:00,2025-12-15 22:57:21+00:00,LOW,5
2022-06-01 00:00:00+00:00,0,AY942kNw0sfxtjWlx4cQ,-0.01,2021-12-14 00:54:44+00:00,2025-12-15 22:57:21+00:00,LOW,15
2022-06-01 00:00:00+00:00,6,AZpLECBBEL2EsUOqrbCf,-0.01,2017-06-28 16:52:27+00:00,2025-12-20 01:10:49+00:00,LOW,15
2022-07-01 00:00:00+00:00,2,AY942kNw0sfxtjWlx4cS,-0.01,2021-12-14 00:54:44+00:00,2025-12-15 22:57:21+00:00,LOW,5
2022-07-01 00:00:00+00:00,6,AZpLECBBEL2EsUOqrbCf,-0.01,2017-06-28 16:52:27+00:00,2025-12-20 01:10:49+00:00,LOW,15
2022-07-01 00:00:00+00:00,1,AY942kNw0sfxtjWlx4cR,-0.01,2021-12-14 00:54:44+00:00,2025-12-15 22:57:21+00:00,LOW,5
2022-07-01 00:00:00+00:00,7,AZpLECBBEL2EsUOqrbCg,-0.01,2017-06-28 16:52:27+00:00,2025-12-20 01:10:49+00:00,LOW,15
2022-07-01 00:00:00+00:00,3,AZpLECY6EL2EsUOqrbCi,-0.01,2017-06-28 16:52:27+00:00,2025-12-20 01:10:49+00:00,LOW,15
2022-08-01 00:00:00+00:00,6,AZpLECBBEL2EsUOqrbCf,-0.01,2017-06-28 16:52:27+00:00,2025-12-20 01:10:49+00:00,LOW,15
2022-08-01 00:00:00+00:00,0,AY942kNw0sfxtjWlx4cQ,-0.01,2021-12-14 00:54:44+00:00,2025-12-15 22:57:21+00:00,LOW,15
2022-08-01 00:00:00+00:00,3,AZpLECY6EL2EsUOqrbCi,-0.01,2017-06-28 16:52:27+00:00,2025-12-20 01:10:49+00:00,LOW,15
2022-08-01 00:00:00+00:00,4,AZpLECY6EL2EsUOqrbCj,-0.01,2017-06-28 16:52:27+00:00,2025-12-20 01:10:49+00:00,LOW,15
2022-08-01 00:00:00+00:00,7,AZpLECBBEL2EsUOqrbCg,-0.01,2017-06-28 16:52:27+00:00,2025-12-20 01:10:49+00:00,LOW,15
2022-09-01 00:00:00+00:00,6,AZpLECBBEL2EsUOqrbCf,-0.01,2017-06-28 16:52:27+00:00,2025-12-20 01:10:49+00:00,LOW,15
2022-09-01 00:00:00+00:00,0,AY942kNw0sfxtjWlx4cQ,-0.01,2021-12-14 00:54:44+00:00,2025-12-15 22:57:21+00:00,LOW,15
2022-09-01 00:00:00+00:00,3,AZpLECY6EL2EsUOqrbCi,-0.01,2017-06-28 16:52:27+00:00,2025-12-20 01:10:49+00:00,LOW,15
2022-09-01 00:00:00+00:00,1,AY942kNw0sfxtjWlx4cR,-0.01,2021-12-14 00:54:44+00:00,2025-12-15 22:57:21+00:00,LOW,5
2022-09-01 00:00:00+00:00,4,AZpLECY6EL2EsUOqrbCj,-0.01,2017-06-28 16:52:27+00:00,2025-12-20 01:10:49+00:00,LOW,15
2022-10-01 00:00:00+00:00,4,AZpLECY6EL2EsUOqrbCj,-0.01,2017-06-28 16:52:27+00:00,2025-12-20 01:10:49+00:00,LOW,15
2022-10-01 00:00:00+00:00,3,AZpLECY6EL2EsUOqrbCi,-0.01,2017-06-28 16:52:27+00:00,2025-12-20 01:10:49+00:00,LOW,15
2022-10-01 00:00:00+00:00,2,AY942kNw0sfxtjWlx4cS,-0.01,2021-12-14 00:54:44+00:00,2025-12-15 22:57:21+00:00,LOW,5
2022-10-01 00:00:00+00:00,7,AZpLECBBEL2EsUOqrbCg,-0.01,2017-06-28 16:52:27+00:00,2025-12-20 01:10:49+00:00,LOW,15
2022-10-01 00:00:00+00:00,6,AZpLECBBEL2EsUOqrbCf,-0.01,2017-06-28 16:52:27+00:00,2025-12-20 01:10:49+00:00,LOW,15
2022-11-01 00:00:00+00:00,5,AZpLECBBEL2EsUOqrbCe,-0.01,2017-06-28 16:52:27+00:00,2025-12-20 01:10:49+00:00,LOW,15
2022-11-01 00:00:00+00:00,6,AZpLECBBEL2EsUOqrbCf,-0.01,2017-06-28 16:52:27+00:00,2025-12-20 01:10:49+00:00,LOW,15
2022-11-01 00:00:00+00:00,2,AY942kNw0sfxtjWlx4cS,-0.01,2021-12-14 00:54:44+00:00,2025-12-15 22:57:21+00:00,LOW,5
2022-11-01 00:00:00+00:00,7,AZpLECBBEL2EsUOqrbCg,-0.01,2017-06-28 16:52:27+00:00,2025-12-20 01:10:49+00:00,LOW,15
2022-11-01 00:00:00+00:00,4,AZpLECY6EL2EsUOqrbCj,-0.01,2017-06-28 16:52:27+00:00,2025-12-20 01:10:49+00:00,LOW,15
2022-12-01 00:00:00+00:00,0,AY942kNw0sfxtjWlx4cQ,-0.01,2021-12-14 00:54:44+00:00,2025-12-15 22:57:21+00:00,LOW,15
2022-12-01 00:00:00+00:00,2,AY942kNw0sfxtjWlx4cS,-0.01,2021-12-14 00:54:44+00:00,2025-12-15 22:57:21+00:00,LOW,5
2022-12-01 00:00:00+00:00,1,AY942kNw0sfxtjWlx4cR,-0.01,2021-12-14 00:54:44+00:00,2025-12-15 22:57:21+00:00,LOW,5
2022-12-01 00:00:00+00:00,6,AZpLECBBEL2EsUOqrbCf,-0.01,2017-06-28 16:52:27+00:00,2025-12-20 01:10:49+00:00,LOW,15
2022-12-01 00:00:00+00:00,3,AZpLECY6EL2EsUOqrbCi,-0.01,2017-06-28 16:52:27+00:00,2025-12-20 01:10:49+00:00,LOW,15
2023-01-01 00:00:00+00:00,5,AZpLECY6EL2EsUOqrbCj,-0.01,2017-06-28 16:52:27+00:00,2025-12-20 01:10:49+00:00,LOW,15
2023-01-01 00:00:00+00:00,8,AZpLECBBEL2EsUOqrbCg,-0.01,2017-06-28 16:52:27+00:00,2025-12-20 01:10:49+00:00,LOW,15
2023-01-01 00:00:00+00:00,3,AY942kNw0sfxtjWlx4cS,-0.01,2021-12-14 00:54:44+00:00,2025-12-15 22:57:21+00:00,LOW,5
2023-01-01 00:00:00+00:00,6,AZpLECBBEL2EsUOqrbCe,-0.01,2017-06-28 16:52:27+00:00,2025-12-20 01:10:49+00:00,LOW,15
2023-01-01 00:00:00+00:00,7,AZpLECBBEL2EsUOqrbCf,-0.01,2017-06-28 16:52:27+00:00,2025-12-20 01:10:49+00:00,LOW,15
2023-02-01 00:00:00+00:00,1,AY942kNw0sfxtjWlx4cQ,-0.01,2021-12-14 00:54:44+00:00,2025-12-15 22:57:21+00:00,LOW,15
2023-02-01 00:00:00+00:00,6,AZpLECBBEL2EsUOqrbCe,-0.01,2017-06-28 16:52:27+00:00,2025-12-20 01:10:49+00:00,LOW,15
2023-02-01 00:00:00+00:00,7,AZpLECBBEL2EsUOqrbCf,-0.01,2017-06-28 16:52:27+00:00,2025-12-20 01:10:49+00:00,LOW,15
2023-02-01 00:00:00+00:00,4,AZpLECY6EL2EsUOqrbCi,-0.01,2017-06-28 16:52:27+00:00,2025-12-20 01:10:49+00:00,LOW,15
2023-02-01 00:00:00+00:00,5,AZpLECY6EL2EsUOqrbCj,-0.01,2017-06-28 16:52:27+00:00,2025-12-20 01:10:49+00:00,LOW,15
2023-03-01 00:00:00+00:00,2,AY942kNw0sfxtjWlx4cR,-0.01,2021-12-14 00:54:44+00:00,2025-12-15 22:57:21+00:00,LOW,5
2023-03-01 00:00:00+00:00,5,AZpLECY6EL2EsUOqrbCj,-0.01,2017-06-28 16:52:27+00:00,2025-12-20 01:10:49+00:00,LOW,15
2023-03-01 00:00:00+00:00,0,AY942g310sfxtjWlx4IK,-0.01,2022-12-12 17:50:13+00:00,2025-12-19 16:31:22+00:00,LOW,5
2023-03-01 00:00:00+00:00,8,AZpLECBBEL2EsUOqrbCg,-0.01,2017-06-28 16:52:27+00:00,2025-12-20 01:10:49+00:00,LOW,15
2023-03-01 00:00:00+00:00,4,AZpLECY6EL2EsUOqrbCi,-0.01,2017-06-28 16:52:27+00:00,2025-12-20 01:10:49+00:00,LOW,15
2023-04-01 00:00:00+00:00,2,AY942kNw0sfxtjWlx4cR,-0.01,2021-12-14 00:54:44+00:00,2025-12-15 22:57:21+00:00,LOW,5
2023-04-01 00:00:00+00:00,0,AY942g310sfxtjWlx4IK,-0.01,2022-12-12 17:50:13+00:00,2025-12-19 16:31:22+00:00,LOW,5
2023-04-01 00:00:00+00:00,7,AZpLECBBEL2EsUOqrbCf,-0.01,2017-06-28 16:52:27+00:00,2025-12-20 01:10:49+00:00,LOW,15
2023-04-01 00:00:00+00:00,4,AZpLECY6EL2EsUOqrbCi,-0.01,2017-06-28 16:52:27+00:00,2025-12-20 01:10:49+00:00,LOW,15
2023-04-01 00:00:00+00:00,3,AY942kNw0sfxtjWlx4cS,-0.01,2021-12-14 00:54:44+00:00,2025-12-15 22:57:21+00:00,LOW,5
2023-05-01 00:00:00+00:00,4,AZpLECY6EL2EsUOqrbCi,-0.01,2017-06-28 16:52:27+00:00,2025-12-20 01:10:49+00:00,LOW,15
2023-05-01 00:00:00+00:00,8,AZpLECBBEL2EsUOqrbCg,-0.01,2017-06-28 16:52:27+00:00,2025-12-20 01:10:49+00:00,LOW,15
2023-05-01 00:00:00+00:00,6,AZpLECBBEL2EsUOqrbCe,-0.01,2017-06-28 16:52:27+00:00,2025-12-20 01:10:49+00:00,LOW,15
2023-05-01 00:00:00+00:00,1,AY942kNw0sfxtjWlx4cQ,-0.01,2021-12-14 00:54:44+00:00,2025-12-15 22:57:21+00:00,LOW,15
2023-05-01 00:00:00+00:00,5,AZpLECY6EL2EsUOqrbCj,-0.01,2017-06-28 16:52:27+00:00,2025-12-20 01:10:49+00:00,LOW,15
2023-06-01 00:00:00+00:00,7,AZpLECBBEL2EsUOqrbCf,-0.01,2017-06-28 16:52:27+00:00,2025-12-20 01:10:49+00:00,LOW,15
2023-06-01 00:00:00+00:00,4,AZpLECY6EL2EsUOqrbCi,-0.01,2017-06-28 16:52:27+00:00,2025-12-20 01:10:49+00:00,LOW,15
2023-06-01 00:00:00+00:00,5,AZpLECY6EL2EsUOqrbCj,-0.01,2017-06-28 16:52:27+00:00,2025-12-20 01:10:49+00:00,LOW,15
2023-06-01 00:00:00+00:00,1,AY942kNw0sfxtjWlx4cQ,-0.01,2021-12-14 00:54:44+00:00,2025-12-15 22:57:21+00:00,LOW,15
2023-06-01 00:00:00+00:00,8,AZpLECBBEL2EsUOqrbCg,-0.01,2017-06-28 16:52:27+00:00,2025-12-20 01:10:49+00:00,LOW,15
2023-07-01 00:00:00+00:00,1,AY942kNw0sfxtjWlx4cQ,-0.01,2021-12-14 00:54:44+00:00,2025-12-15 22:57:21+00:00,LOW,15
2023-07-01 00:00:00+00:00,4,AZpLECY6EL2EsUOqrbCi,-0.01,2017-06-28 16:52:27+00:00,2025-12-20 01:10:49+00:00,LOW,15
2023-07-01 00:00:00+00:00,7,AZpLECBBEL2EsUOqrbCf,-0.01,2017-06-28 16:52:27+00:00,2025-12-20 01:10:49+00:00,LOW,15
2023-07-01 00:00:00+00:00,0,AY942g310sfxtjWlx4IK,-0.01,2022-12-12 17:50:13+00:00,2025-12-19 16:31:22+00:00,LOW,5
2023-07-01 00:00:00+00:00,5,AZpLECY6EL2EsUOqrbCj,-0.01,2017-06-28 16:52:27+00:00,2025-12-20 01:10:49+00:00,LOW,15
2023-08-01 00:00:00+00:00,6,AZpLECBBEL2EsUOqrbCe,-0.01,2017-06-28 16:52:27+00:00,2025-12-20 01:10:49+00:00,LOW,15
2023-08-01 00:00:00+00:00,0,AY942g310sfxtjWlx4IK,-0.01,2022-12-12 17:50:13+00:00,2025-12-19 16:31:22+00:00,LOW,5
2023-08-01 00:00:00+00:00,1,AY942kNw0sfxtjWlx4cQ,-0.01,2021-12-14 00:54:44+00:00,2025-12-15 22:57:21+00:00,LOW,15
2023-08-01 00:00:00+00:00,4,AZpLECY6EL2EsUOqrbCi,-0.01,2017-06-28 16:52:27+00:00,2025-12-20 01:10:49+00:00,LOW,15
2023-08-01 00:00:00+00:00,5,AZpLECY6EL2EsUOqrbCj,-0.01,2017-06-28 16:52:27+00:00,2025-12-20 01:10:49+00:00,LOW,15
2023-09-01 00:00:00+00:00,4,AZpLECY6EL2EsUOqrbCi,-0.01,2017-06-28 16:52:27+00:00,2025-12-20 01:10:49+00:00,LOW,15
2023-09-01 00:00:00+00:00,0,AY942g310sfxtjWlx4IK,-0.01,2022-12-12 17:50:13+00:00,2025-12-19 16:31:22+00:00,LOW,5
2023-09-01 00:00:00+00:00,5,AZpLECY6EL2EsUOqrbCj,-0.01,2017-06-28 16:52:27+00:00,2025-12-20 01:10:49+00:00,LOW,15
2023-09-01 00:00:00+00:00,3,AY942kNw0sfxtjWlx4cS,-0.01,2021-12-14 00:54:44+00:00,2025-12-15 22:57:21+00:00,LOW,5
2023-09-01 00:00:00+00:00,6,AZpLECBBEL2EsUOqrbCe,-0.01,2017-06-28 16:52:27+00:00,2025-12-20 01:10:49+00:00,LOW,15
2023-10-01 00:00:00+00:00,9,AY942kNw0sfxtjWlx4cR,-0.01,2021-12-14 00:54:44+00:00,2025-12-15 22:57:21+00:00,LOW,5
2023-10-01 00:00:00+00:00,14,AZpLECBBEL2EsUOqrbCf,-0.01,2017-06-28 16:52:27+00:00,2025-12-20 01:10:49+00:00,LOW,15
2023-10-01 00:00:00+00:00,3,AYslYs9l29pDcg_Re1lS,-0.01,2023-09-29 18:41:58+00:00,2025-12-11 03:33:23+00:00,LOW,2
2023-10-01 00:00:00+00:00,8,AY942kNw0sfxtjWlx4cQ,-0.01,2021-12-14 00:54:44+00:00,2025-12-15 22:57:21+00:00,LOW,15
2023-10-01 00:00:00+00:00,10,AY942kNw0sfxtjWlx4cS,-0.01,2021-12-14 00:54:44+00:00,2025-12-15 22:57:21+00:00,LOW,5
2023-11-01 00:00:00+00:00,37,AY942kNw0sfxtjWlx4cR,-0.01,2021-12-14 00:54:44+00:00,2025-12-15 22:57:21+00:00,LOW,5
2023-11-01 00:00:00+00:00,0,AYs_kX_9H6K4dSaTmTmt,-0.01,2023-10-17 21:13:48+00:00,2025-11-28 18:01:50+00:00,INFO,0
2023-11-01 00:00:00+00:00,1,AYsq45gKpKjANpdYQPcL,-0.01,2023-10-13 21:01:09+00:00,2025-12-04 19:22:50+00:00,INFO,0
2023-11-01 00:00:00+00:00,2,AYslYtp229pDcg_Re1oC,-0.01,2023-10-12 19:22:16+00:00,2025-12-04 19:22:50+00:00,INFO,0
2023-11-01 00:00:00+00:00,3,AYslYuG029pDcg_Re1rW,-0.01,2023-10-12 19:22:16+00:00,2025-12-10 04:40:00+00:00,INFO,0
2023-12-01 00:00:00+00:00,3,AY942jn30sfxtjWlx4Yt,-0.01,2023-11-13 18:37:00+00:00,2025-12-10 04:40:00+00:00,INFO,0
2023-12-01 00:00:00+00:00,0,AZAIbWCCMv3mNyVwW5MP,-0.01,2023-11-13 18:37:00+00:00,2025-12-10 04:40:00+00:00,LOW,1
2023-12-01 00:00:00+00:00,1,AZAIbWCCMv3mNyVwW5MQ,-0.01,2023-11-13 18:37:00+00:00,2025-12-10 04:40:00+00:00,LOW,1
2023-12-01 00:00:00+00:00,2,AY942jn30sfxtjWlx4Yr,-0.01,2023-11-13 18:37:00+00:00,2025-12-10 04:40:00+00:00,INFO,0
2023-12-01 00:00:00+00:00,4,AYs_kX_9H6K4dSaTmTmt,-0.01,2023-10-17 21:13:48+00:00,2025-11-28 18:01:50+00:00,INFO,0
2024-01-01 00:00:00+00:00,37,AYslYs9l29pDcg_Re1lU,-0.01,2023-09-29 18:41:58+00:00,2025-12-11 03:33:23+00:00,LOW,15
2024-01-01 00:00:00+00:00,0,AZAIbWCCMv3mNyVwW5MP,-0.01,2023-11-13 18:37:00+00:00,2025-12-10 04:40:00+00:00,LOW,1
2024-01-01 00:00:00+00:00,1,AZAIbWCCMv3mNyVwW5MQ,-0.01,2023-11-13 18:37:00+00:00,2025-12-10 04:40:00+00:00,LOW,1
2024-01-01 00:00:00+00:00,2,AY942jn30sfxtjWlx4Yr,-0.01,2023-11-13 18:37:00+00:00,2025-12-10 04:40:00+00:00,INFO,0
2024-01-01 00:00:00+00:00,3,AY942jn30sfxtjWlx4Yt,-0.01,2023-11-13 18:37:00+00:00,2025-12-10 04:40:00+00:00,INFO,0
2024-02-01 00:00:00+00:00,27,AY942jm60sfxtjWlx4Yi,-0.01,2023-10-04 20:12:53+00:00,2025-12-04 23:58:15+00:00,LOW,15
2024-02-01 00:00:00+00:00,0,AZAIbWCCMv3mNyVwW5MP,-0.01,2023-11-13 18:37:00+00:00,2025-12-10 04:40:00+00:00,LOW,1
2024-02-01 00:00:00+00:00,1,AZAIbWCCMv3mNyVwW5MQ,-0.01,2023-11-13 18:37:00+00:00,2025-12-10 04:40:00+00:00,LOW,1
2024-02-01 00:00:00+00:00,2,AY942jn30sfxtjWlx4Yr,-0.01,2023-11-13 18:37:00+00:00,2025-12-10 04:40:00+00:00,INFO,0
2024-02-01 00:00:00+00:00,3,AY942jn30sfxtjWlx4Yt,-0.01,2023-11-13 18:37:00+00:00,2025-12-10 04:40:00+00:00,INFO,0
2024-03-01 00:00:00+00:00,23,AY942jm60sfxtjWlx4Ye,-0.01,2023-10-04 20:12:53+00:00,2025-12-04 23:58:15+00:00,LOW,15
2024-03-01 00:00:00+00:00,0,AZAIbWCCMv3mNyVwW5MP,-0.01,2023-11-13 18:37:00+00:00,2025-12-10 04:40:00+00:00,LOW,1
2024-03-01 00:00:00+00:00,1,AZAIbWCCMv3mNyVwW5MQ,-0.01,2023-11-13 18:37:00+00:00,2025-12-10 04:40:00+00:00,LOW,1
2024-03-01 00:00:00+00:00,2,AY942jn30sfxtjWlx4Yr,-0.01,2023-11-13 18:37:00+00:00,2025-12-10 04:40:00+00:00,INFO,0
2024-03-01 00:00:00+00:00,3,AY942jn30sfxtjWlx4Yt,-0.01,2023-11-13 18:37:00+00:00,2025-12-10 04:40:00+00:00,INFO,0
2024-04-01 00:00:00+00:00,14,AYslYvMY29pDcg_Re1uU,-0.01,2023-10-12 03:25:06+00:00,2025-11-28 18:01:50+00:00,INFO,0
2024-04-01 00:00:00+00:00,0,AY6hEO6nI8PaZFh1vHly,-0.01,2024-03-26 19:55:30+00:00,2025-12-04 19:22:50+00:00,INFO,0
2024-04-01 00:00:00+00:00,1,AZAIbWCCMv3mNyVwW5MP,-0.01,2023-11-13 18:37:00+00:00,2025-12-10 04:40:00+00:00,LOW,1
2024-04-01 00:00:00+00:00,2,AZAIbWCCMv3mNyVwW5MQ,-0.01,2023-11-13 18:37:00+00:00,2025-12-10 04:40:00+00:00,LOW,1
2024-04-01 00:00:00+00:00,3,AY942jn30sfxtjWlx4Yr,-0.01,2023-11-13 18:37:00+00:00,2025-12-10 04:40:00+00:00,INFO,0
2024-05-01 00:00:00+00:00,47,AZpLECBBEL2EsUOqrbCf,-0.01,2017-06-28 16:52:27+00:00,2025-12-20 01:10:49+00:00,LOW,15
2024-05-01 00:00:00+00:00,0,AY6hEO6nI8PaZFh1vHly,-0.01,2024-03-26 19:55:30+00:00,2025-12-04 19:22:50+00:00,INFO,0
2024-05-01 00:00:00+00:00,1,AZAIbWCCMv3mNyVwW5MP,-0.01,2023-11-13 18:37:00+00:00,2025-12-10 04:40:00+00:00,LOW,1
2024-05-01 00:00:00+00:00,2,AZAIbWCCMv3mNyVwW5MQ,-0.01,2023-11-13 18:37:00+00:00,2025-12-10 04:40:00+00:00,LOW,1
2024-05-01 00:00:00+00:00,3,AY942jn30sfxtjWlx4Yr,-0.01,2023-11-13 18:37:00+00:00,2025-12-10 04:40:00+00:00,INFO,0
2024-06-01 00:00:00+00:00,17,AY942jpx0sfxtjWlx4Y9,-0.01,2023-10-04 20:12:53+00:00,2025-12-10 04:40:00+00:00,LOW,15
2024-06-01 00:00:00+00:00,0,AY6hEO6nI8PaZFh1vHly,-0.01,2024-03-26 19:55:30+00:00,2025-12-04 19:22:50+00:00,INFO,0
2024-06-01 00:00:00+00:00,1,AZAIbWCCMv3mNyVwW5MP,-0.01,2023-11-13 18:37:00+00:00,2025-12-10 04:40:00+00:00,LOW,1
2024-06-01 00:00:00+00:00,2,AZAIbWCCMv3mNyVwW5MQ,-0.01,2023-11-13 18:37:00+00:00,2025-12-10 04:40:00+00:00,LOW,1
2024-06-01 00:00:00+00:00,3,AY942jn30sfxtjWlx4Yr,-0.01,2023-11-13 18:37:00+00:00,2025-12-10 04:40:00+00:00,INFO,0
2024-07-01 00:00:00+00:00,12,AYslYs8s29pDcg_Re1lM,-0.01,2023-10-12 19:22:16+00:00,2025-12-04 23:58:15+00:00,LOW,15
2024-07-01 00:00:00+00:00,0,AZAIbWCCMv3mNyVwW5MR,-0.01,2024-06-11 17:39:05+00:00,2025-12-10 04:40:00+00:00,LOW,1
2024-07-01 00:00:00+00:00,1,AY_vqrLL5t75WRhrX6ZA,-0.01,2024-06-06 22:15:56+00:00,2025-12-11 03:33:23+00:00,LOW,15
2024-07-01 00:00:00+00:00,2,AY_vqrLL5t75WRhrX6ZB,-0.01,2024-06-06 22:15:56+00:00,2025-12-11 03:33:23+00:00,LOW,15
2024-07-01 00:00:00+00:00,3,AY6hEO6nI8PaZFh1vHly,-0.01,2024-03-26 19:55:30+00:00,2025-12-04 19:22:50+00:00,INFO,0
2024-08-01 00:00:00+00:00,6,AY942jn30sfxtjWlx4Yr,-0.01,2023-11-13 18:37:00+00:00,2025-12-10 04:40:00+00:00,INFO,0
2024-08-01 00:00:00+00:00,0,AZAIbWCCMv3mNyVwW5MR,-0.01,2024-06-11 17:39:05+00:00,2025-12-10 04:40:00+00:00,LOW,1
2024-08-01 00:00:00+00:00,1,AY_vqrLL5t75WRhrX6ZA,-0.01,2024-06-06 22:15:56+00:00,2025-12-11 03:33:23+00:00,LOW,15
2024-08-01 00:00:00+00:00,2,AY_vqrLL5t75WRhrX6ZB,-0.01,2024-06-06 22:15:56+00:00,2025-12-11 03:33:23+00:00,LOW,15
2024-08-01 00:00:00+00:00,3,AY6hEO6nI8PaZFh1vHly,-0.01,2024-03-26 19:55:30+00:00,2025-12-04 19:22:50+00:00,INFO,0
2024-09-01 00:00:00+00:00,28,AY942jm60sfxtjWlx4Ye,-0.01,2023-10-04 20:12:53+00:00,2025-12-04 23:58:15+00:00,LOW,15
2024-09-01 00:00:00+00:00,0,AZFSEbRlpOPD6rdShzbo,-0.01,2024-08-14 17:53:26+00:00,2025-12-02 05:44:33+00:00,LOW,1
2024-09-01 00:00:00+00:00,1,AZAIbWCCMv3mNyVwW5MR,-0.01,2024-06-11 17:39:05+00:00,2025-12-10 04:40:00+00:00,LOW,1
2024-09-01 00:00:00+00:00,2,AY_vqrLL5t75WRhrX6ZA,-0.01,2024-06-06 22:15:56+00:00,2025-12-11 03:33:23+00:00,LOW,15
2024-09-01 00:00:00+00:00,3,AY_vqrLL5t75WRhrX6ZB,-0.01,2024-06-06 22:15:56+00:00,2025-12-11 03:33:23+00:00,LOW,15
2024-10-01 00:00:00+00:00,49,AZpLECY6EL2EsUOqrbCj,-0.01,2017-06-28 16:52:27+00:00,2025-12-20 01:10:49+00:00,LOW,15
2024-10-01 00:00:00+00:00,0,AZFSEbRlpOPD6rdShzbo,-0.01,2024-08-14 17:53:26+00:00,2025-12-02 05:44:33+00:00,LOW,1
2024-10-01 00:00:00+00:00,1,AZAIbWCCMv3mNyVwW5MR,-0.01,2024-06-11 17:39:05+00:00,2025-12-10 04:40:00+00:00,LOW,1
2024-10-01 00:00:00+00:00,2,AY_vqrLL5t75WRhrX6ZA,-0.01,2024-06-06 22:15:56+00:00,2025-12-11 03:33:23+00:00,LOW,15
2024-10-01 00:00:00+00:00,3,AY_vqrLL5t75WRhrX6ZB,-0.01,2024-06-06 22:15:56+00:00,2025-12-11 03:33:23+00:00,LOW,15
2024-11-01 00:00:00+00:00,40,AYslYs9l29pDcg_Re1lS,-0.01,2023-09-29 18:41:58+00:00,2025-12-11 03:33:23+00:00,LOW,2
2024-11-01 00:00:00+00:00,0,AZFSEbRlpOPD6rdShzbo,-0.01,2024-08-14 17:53:26+00:00,2025-12-02 05:44:33+00:00,LOW,1
2024-11-01 00:00:00+00:00,1,AZAIbWCCMv3mNyVwW5MR,-0.01,2024-06-11 17:39:05+00:00,2025-12-10 04:40:00+00:00,LOW,1
2024-11-01 00:00:00+00:00,2,AY_vqrLL5t75WRhrX6ZA,-0.01,2024-06-06 22:15:56+00:00,2025-12-11 03:33:23+00:00,LOW,15
2024-11-01 00:00:00+00:00,3,AY_vqrLL5t75WRhrX6ZB,-0.01,2024-06-06 22:15:56+00:00,2025-12-11 03:33:23+00:00,LOW,15
2024-12-01 00:00:00+00:00,3,AY_vqrLL5t75WRhrX6ZB,-0.01,2024-06-06 22:15:56+00:00,2025-12-11 03:33:23+00:00,LOW,15
2024-12-01 00:00:00+00:00,0,AZFSEbRlpOPD6rdShzbo,-0.01,2024-08-14 17:53:26+00:00,2025-12-02 05:44:33+00:00,LOW,1
2024-12-01 00:00:00+00:00,1,AZAIbWCCMv3mNyVwW5MR,-0.01,2024-06-11 17:39:05+00:00,2025-12-10 04:40:00+00:00,LOW,1
2024-12-01 00:00:00+00:00,2,AY_vqrLL5t75WRhrX6ZA,-0.01,2024-06-06 22:15:56+00:00,2025-12-11 03:33:23+00:00,LOW,15
2024-12-01 00:00:00+00:00,4,AY6hEO6nI8PaZFh1vHly,-0.01,2024-03-26 19:55:30+00:00,2025-12-04 19:22:50+00:00,INFO,0
2025-01-01 00:00:00+00:00,29,AY942jm60sfxtjWlx4Yf,-0.01,2023-10-04 20:12:53+00:00,2025-12-04 23:58:15+00:00,INFO,0
2025-01-01 00:00:00+00:00,0,AZFSEbRlpOPD6rdShzbo,-0.01,2024-08-14 17:53:26+00:00,2025-12-02 05:44:33+00:00,LOW,1
2025-01-01 00:00:00+00:00,1,AZAIbWCCMv3mNyVwW5MR,-0.01,2024-06-11 17:39:05+00:00,2025-12-10 04:40:00+00:00,LOW,1
2025-01-01 00:00:00+00:00,2,AY_vqrLL5t75WRhrX6ZA,-0.01,2024-06-06 22:15:56+00:00,2025-12-11 03:33:23+00:00,LOW,15
2025-01-01 00:00:00+00:00,3,AY_vqrLL5t75WRhrX6ZB,-0.01,2024-06-06 22:15:56+00:00,2025-12-11 03:33:23+00:00,LOW,15
2025-02-01 00:00:00+00:00,32,AY942jm60sfxtjWlx4Yd,-0.01,2023-10-04 20:12:53+00:00,2025-12-04 23:58:15+00:00,INFO,0
2025-02-01 00:00:00+00:00,0,AZRsAL_hj7-3amoNTabQ,-0.01,2025-01-15 21:51:12+00:00,2025-12-04 19:22:50+00:00,INFO,0
2025-02-01 00:00:00+00:00,1,AZRsANxDj7-3amoNTacv,-0.01,2025-01-15 21:51:12+00:00,2025-12-04 23:58:15+00:00,INFO,0
2025-02-01 00:00:00+00:00,2,AZRsANxDj7-3amoNTacw,-0.01,2025-01-15 21:51:12+00:00,2025-12-04 23:58:15+00:00,INFO,0
2025-02-01 00:00:00+00:00,3,AZRsAN-0j7-3amoNTadQ,-0.01,2025-01-15 21:51:12+00:00,2025-12-04 23:58:15+00:00,INFO,0
2025-03-01 00:00:00+00:00,19,AYslYs8s29pDcg_Re1lN,-0.01,2023-10-12 19:22:16+00:00,2025-12-04 23:58:15+00:00,LOW,15
2025-03-01 00:00:00+00:00,0,AZRsAL_hj7-3amoNTabQ,-0.01,2025-01-15 21:51:12+00:00,2025-12-04 19:22:50+00:00,INFO,0
2025-03-01 00:00:00+00:00,1,AZRsANxDj7-3amoNTacv,-0.01,2025-01-15 21:51:12+00:00,2025-12-04 23:58:15+00:00,INFO,0
2025-03-01 00:00:00+00:00,2,AZRsANxDj7-3amoNTacw,-0.01,2025-01-15 21:51:12+00:00,2025-12-04 23:58:15+00:00,INFO,0
2025-03-01 00:00:00+00:00,3,AZRsAN-0j7-3amoNTadQ,-0.01,2025-01-15 21:51:12+00:00,2025-12-04 23:58:15+00:00,INFO,0
2025-04-01 00:00:00+00:00,6,AZAIbWCCMv3mNyVwW5MR,-0.01,2024-06-11 17:39:05+00:00,2025-12-10 04:40:00+00:00,LOW,1
2025-04-01 00:00:00+00:00,0,AZRsAL_hj7-3amoNTabQ,-0.01,2025-01-15 21:51:12+00:00,2025-12-04 19:22:50+00:00,INFO,0
2025-04-01 00:00:00+00:00,1,AZRsANxDj7-3amoNTacv,-0.01,2025-01-15 21:51:12+00:00,2025-12-04 23:58:15+00:00,INFO,0
2025-04-01 00:00:00+00:00,2,AZRsANxDj7-3amoNTacw,-0.01,2025-01-15 21:51:12+00:00,2025-12-04 23:58:15+00:00,INFO,0
2025-04-01 00:00:00+00:00,3,AZRsAN-0j7-3amoNTadQ,-0.01,2025-01-15 21:51:12+00:00,2025-12-04 23:58:15+00:00,INFO,0
2025-05-01 00:00:00+00:00,57,AZpLECBBEL2EsUOqrbCg,-0.01,2017-06-28 16:52:27+00:00,2025-12-20 01:10:49+00:00,LOW,15
2025-05-01 00:00:00+00:00,0,AZRsAL_hj7-3amoNTabQ,-0.01,2025-01-15 21:51:12+00:00,2025-12-04 19:22:50+00:00,INFO,0
2025-05-01 00:00:00+00:00,1,AZRsANxDj7-3amoNTacv,-0.01,2025-01-15 21:51:12+00:00,2025-12-04 23:58:15+00:00,INFO,0
2025-05-01 00:00:00+00:00,2,AZRsANxDj7-3amoNTacw,-0.01,2025-01-15 21:51:12+00:00,2025-12-04 23:58:15+00:00,INFO,0
2025-05-01 00:00:00+00:00,3,AZRsAN-0j7-3amoNTadQ,-0.01,2025-01-15 21:51:12+00:00,2025-12-04 23:58:15+00:00,INFO,0
2025-06-01 00:00:00+00:00,55,AZpLECBBEL2EsUOqrbCe,-0.01,2017-06-28 16:52:27+00:00,2025-12-20 01:10:49+00:00,LOW,15
2025-06-01 00:00:00+00:00,0,AZRsAL_hj7-3amoNTabQ,-0.01,2025-01-15 21:51:12+00:00,2025-12-04 19:22:50+00:00,INFO,0
2025-06-01 00:00:00+00:00,1,AZRsANxDj7-3amoNTacv,-0.01,2025-01-15 21:51:12+00:00,2025-12-04 23:58:15+00:00,INFO,0
2025-06-01 00:00:00+00:00,2,AZRsANxDj7-3amoNTacw,-0.01,2025-01-15 21:51:12+00:00,2025-12-04 23:58:15+00:00,INFO,0
2025-06-01 00:00:00+00:00,3,AZRsAN-0j7-3amoNTadQ,-0.01,2025-01-15 21:51:12+00:00,2025-12-04 23:58:15+00:00,INFO,0
2025-07-01 00:00:00+00:00,57,AZpLECBBEL2EsUOqrbCg,-0.01,2017-06-28 16:52:27+00:00,2025-12-20 01:10:49+00:00,LOW,15
2025-07-01 00:00:00+00:00,0,AZRsAL_hj7-3amoNTabQ,-0.01,2025-01-15 21:51:12+00:00,2025-12-04 19:22:50+00:00,INFO,0
2025-07-01 00:00:00+00:00,1,AZRsANxDj7-3amoNTacv,-0.01,2025-01-15 21:51:12+00:00,2025-12-04 23:58:15+00:00,INFO,0
2025-07-01 00:00:00+00:00,2,AZRsANxDj7-3amoNTacw,-0.01,2025-01-15 21:51:12+00:00,2025-12-04 23:58:15+00:00,INFO,0
2025-07-01 00:00:00+00:00,3,AZRsAN-0j7-3amoNTadQ,-0.01,2025-01-15 21:51:12+00:00,2025-12-04 23:58:15+00:00,INFO,0
2025-08-01 00:00:00+00:00,41,AY942jpx0sfxtjWlx4Y_,-0.01,2023-10-04 20:12:53+00:00,2025-12-10 04:40:00+00:00,LOW,15
2025-08-01 00:00:00+00:00,0,AZgvsXeAWK27CS2vNgVL,-0.01,2025-07-22 00:55:45+00:00,2025-12-04 20:25:43+00:00,HIGH,10
2025-08-01 00:00:00+00:00,1,AZgvsXdfWK27CS2vNgVA,-0.01,2025-07-22 00:55:45+00:00,2025-12-04 20:25:43+00:00,HIGH,10
2025-08-01 00:00:00+00:00,2,AZgvsXdxWK27CS2vNgVH,-0.01,2025-07-22 00:55:45+00:00,2025-12-04 20:25:43+00:00,LOW,15
2025-08-01 00:00:00+00:00,3,AZgvsXdxWK27CS2vNgVD,-0.01,2025-07-22 00:55:45+00:00,2025-12-04 20:25:43+00:00,MEDIUM,20
2025-09-01 00:00:00+00:00,16,AZRsAN-0j7-3amoNTadQ,-0.01,2025-01-15 21:51:12+00:00,2025-12-04 23:58:15+00:00,INFO,0
2025-09-01 00:00:00+00:00,0,AZgvsXeAWK27CS2vNgVL,-0.01,2025-07-22 00:55:45+00:00,2025-12-04 20:25:43+00:00,HIGH,10
2025-09-01 00:00:00+00:00,1,AZgvsXdfWK27CS2vNgVA,-0.01,2025-07-22 00:55:45+00:00,2025-12-04 20:25:43+00:00,HIGH,10
2025-09-01 00:00:00+00:00,2,AZgvsXdxWK27CS2vNgVH,-0.01,2025-07-22 00:55:45+00:00,2025-12-04 20:25:43+00:00,LOW,15
2025-09-01 00:00:00+00:00,3,AZgvsXdxWK27CS2vNgVD,-0.01,2025-07-22 00:55:45+00:00,2025-12-04 20:25:43+00:00,MEDIUM,20
2025-10-01 00:00:00+00:00,46,AY942jm60sfxtjWlx4Ye,-0.01,2023-10-04 20:12:53+00:00,2025-12-04 23:58:15+00:00,LOW,15
2025-10-01 00:00:00+00:00,0,AZgvsXeAWK27CS2vNgVL,-0.01,2025-07-22 00:55:45+00:00,2025-12-04 20:25:43+00:00,HIGH,10
2025-10-01 00:00:00+00:00,1,AZgvsXdfWK27CS2vNgVA,-0.01,2025-07-22 00:55:45+00:00,2025-12-04 20:25:43+00:00,HIGH,10
2025-10-01 00:00:00+00:00,2,AZgvsXdxWK27CS2vNgVH,-0.01,2025-07-22 00:55:45+00:00,2025-12-04 20:25:43+00:00,LOW,15
2025-10-01 00:00:00+00:00,3,AZgvsXdxWK27CS2vNgVD,-0.01,2025-07-22 00:55:45+00:00,2025-12-04 20:25:43+00:00,MEDIUM,20
2025-11-01 00:00:00+00:00,12,AZgznQcSLGBjmIWCNQBS,1.0,2025-07-08 21:14:36+00:00,2025-11-28 18:01:50+00:00,INFO,0
2025-11-01 00:00:00+00:00,0,AZgvsXeAWK27CS2vNgVL,-0.01,2025-07-22 00:55:45+00:00,2025-12-04 20:25:43+00:00,HIGH,10
2025-11-01 00:00:00+00:00,1,AZgvsXdfWK27CS2vNgVA,-0.01,2025-07-22 00:55:45+00:00,2025-12-04 20:25:43+00:00,HIGH,10
2025-11-01 00:00:00+00:00,2,AZgvsXdxWK27CS2vNgVH,-0.01,2025-07-22 00:55:45+00:00,2025-12-04 20:25:43+00:00,LOW,15
2025-11-01 00:00:00+00:00,3,AZgvsXdxWK27CS2vNgVD,-0.01,2025-07-22 00:55:45+00:00,2025-12-04 20:25:43+00:00,MEDIUM,20
2025-12-01 00:00:00+00:00,17,AZFSEbRlpOPD6rdShzbo,1.0,2024-08-14 17:53:26+00:00,2025-12-02 05:44:33+00:00,LOW,1
2025-12-01 00:00:00+00:00,0,AZgvsXeAWK27CS2vNgVL,0.125,2025-07-22 00:55:45+00:00,2025-12-04 20:25:43+00:00,HIGH,10
2025-12-01 00:00:00+00:00,3,AZgvsXdxWK27CS2vNgVD,0.08333333333333333,2025-07-22 00:55:45+00:00,2025-12-04 20:25:43+00:00,MEDIUM,20
2025-12-01 00:00:00+00:00,2,AZgvsXdxWK27CS2vNgVH,0.07692307692307693,2025-07-22 00:55:45+00:00,2025-12-04 20:25:43+00:00,LOW,15
2025-12-01 00:00:00+00:00,1,AZgvsXdfWK27CS2vNgVA,0.07142857142857142,2025-07-22 00:55:45+00:00,2025-12-04 20:25:43+00:00,HIGH,10
