time/fps,time/iterations,rollout/ep_rew_mean,time/time_elapsed,time/total_timesteps,rollout/ep_len_mean,train/policy_gradient_loss,train/approx_kl,train/n_updates,train/value_loss,train/clip_range,train/learning_rate,train/entropy_loss,train/loss,train/explained_variance,train/clip_fraction
1009,1,14.419333279999996,2,2048,4.9,,,,,,,,,,
674,2,16.115333290000002,6,4096,4.75,-0.05569807908323128,0.036852874,10,30.27522658109665,0.2,0.0003,-4.334795328974724,13.804766654968262,-0.0005496740341186523,0.431591796875
465,3,18.068666600000004,13,6144,4.8,-0.06049128958838992,0.032390893,20,44.584310287237166,0.2,0.0003,-4.236669547855854,18.40473747253418,0.009791135787963867,0.48798828125
888,1,15.226666569999999,2,2048,4.92,-0.059391753068484834,0.02003004,30,55.672688484191895,0.2,0.0003,-4.132528175413609,22.499067306518555,0.03659433126449585,0.434130859375
578,2,18.083333229999997,7,4096,4.95,-0.06135105513385497,0.035149217,10,34.1676312148571,0.2,0.0003,-4.360519599914551,18.271080017089844,0.0011334419250488281,0.4701171875
344,3,19.38733328,17,6144,4.9,-0.0547607671818696,0.021009348,20,44.96078872680664,0.2,0.0003,-4.2856717854738235,21.397123336791992,0.004186511039733887,0.4611328125
864,1,15.27066661,2,2048,4.95,-0.05831422249902971,0.01858198,30,54.82870827913284,0.2,0.0003,-4.203586685657501,29.32880401611328,0.0057686567306518555,0.430615234375
317,2,17.43533322,12,4096,4.89,-0.06532598635531031,0.03923551,10,36.36991426944733,0.2,0.0003,-4.383064812421798,18.929594039916992,-0.0002454519271850586,0.503125
313,3,18.720666590000004,19,6144,4.86,-0.04953382873500232,0.02050034,20,48.1149938762188,0.2,0.0003,-4.307732607424259,31.051462173461914,0.003613591194152832,0.43369140625
902,1,14.027333290000001,2,2048,4.85,-0.053221679507987577,0.018140823,30,54.98147076368332,0.2,0.0003,-4.21961135417223,35.839813232421875,0.005978822708129883,0.439453125
410,2,16.9673333,9,4096,4.85,-0.061786346125882116,0.033126034,10,35.56282641887665,0.2,0.0003,-4.414206445217133,15.422374725341797,0.00031888484954833984,0.487255859375
368,3,21.111999850000004,16,6144,4.83,-0.05770307719358243,0.023863835,20,51.35417881608009,0.2,0.0003,-4.346009251475334,31.959617614746094,0.0005941987037658691,0.45986328125
903,1,14.554666620000003,2,2048,4.87,-0.05132276779622771,0.019328546,30,61.20021412372589,0.2,0.0003,-4.254149977862835,28.070659637451172,0.0012741684913635254,0.470703125
315,2,18.72999991,12,4096,4.89,-0.062306139600696045,0.039958533,10,34.997845536470415,0.2,0.0003,-4.431150665879249,13.359915733337402,-0.00015866756439208984,0.47451171875
316,3,19.077999939999998,19,6144,4.81,-0.058487572673766405,0.022444468,20,50.873653787374494,0.2,0.0003,-4.3541960507631305,23.079524993896484,0.0005944967269897461,0.467236328125
866,1,14.534666620000001,2,2048,4.81,-0.05219456662744051,0.022182994,30,61.18898046016693,0.2,0.0003,-4.257215406000614,39.596046447753906,0.001020193099975586,0.465673828125
414,2,17.03666657,9,4096,4.82,-0.06060177657345776,0.03165396,10,32.01089637875557,0.2,0.0003,-4.461484993994236,19.473018646240234,0.00034743547439575195,0.46005859375
348,3,20.27933324,17,6144,4.89,-0.05377764163422398,0.0285948,20,47.67872887849808,0.2,0.0003,-4.381614646315574,24.30916404724121,0.00167083740234375,0.456494140625
568,1,13.625999979999996,3,2048,4.88,-0.058932675844698676,0.01974542,30,58.36317341327667,0.2,0.0003,-4.26520683914423,26.899154663085938,0.0013751983642578125,0.500244140625
340,2,17.369999890000003,12,4096,4.88,-0.06222622273489833,0.03308533,10,33.25653720498085,0.2,0.0003,-4.534655505418778,19.238113403320312,0.0004850029945373535,0.478955078125
357,3,17.8459999,17,6144,4.93,-0.05829081219417276,0.022159277,20,45.338612359762195,0.2,0.0003,-4.466116867959499,31.418729782104492,0.0003104209899902344,0.46396484375
901,1,13.887999919999997,2,2048,4.88,-0.05891670398996211,0.021408476,30,52.569404900074005,0.2,0.0003,-4.378631724417209,20.142013549804688,0.0025148391723632812,0.497802734375
486,2,15.985333249999998,8,4096,4.85,-0.06698201520484873,0.037442848,10,31.929606318473816,0.2,0.0003,-4.539720000326634,16.135202407836914,-3.2782554626464844e-05,0.509033203125
356,3,18.509999869999998,17,6144,4.82,-0.055118528532329944,0.023606356,20,44.866875344514845,0.2,0.0003,-4.4677483782172205,23.48471450805664,0.00011587142944335938,0.4607421875
425,1,15.995999869999999,4,2048,4.98,-0.05789438770734705,0.019639928,30,55.21169707775116,0.2,0.0003,-4.3833516061306,27.621164321899414,0.00078582763671875,0.492919921875
323,2,17.176666580000003,12,4096,4.86,-0.06190077928768005,0.040662687,10,35.75025735497475,0.2,0.0003,-4.562779220938682,19.301870346069336,0.0001290440559387207,0.47236328125
298,3,19.00266661,20,6144,4.86,-0.05833811370248441,0.024518292,20,43.67923185825348,0.2,0.0003,-4.473458056151867,21.744728088378906,0.0005951523780822754,0.466015625
891,1,14.167333299999997,2,2048,4.93,-0.04905190335412044,0.01748818,30,54.65862663388252,0.2,0.0003,-4.37884756475687,18.988996505737305,0.008992195129394531,0.389697265625
489,2,16.01999996,8,4096,4.88,-0.059224944835295903,0.036821626,10,34.42975155711174,0.2,0.0003,-4.592836876213551,12.505087852478027,5.424022674560547e-05,0.467822265625
358,3,20.579333229999996,17,6144,4.9,-0.06046924944967032,0.032064483,20,49.323401260375974,0.2,0.0003,-4.503700129687786,18.79458236694336,0.00024640560150146484,0.48447265625
415,1,13.32399995,4,2048,4.88,-0.04798514432623051,0.020025348,30,58.72531012296677,0.2,0.0003,-4.397572894394398,24.392059326171875,0.0008755922317504883,0.43046875
319,2,16.29466661,12,4096,4.89,-0.06676172493898776,0.033792682,10,29.39568350315094,0.2,0.0003,-4.604552009701729,16.715593338012695,4.887580871582031e-05,0.489990234375
313,3,18.742666600000003,19,6144,4.85,-0.057943569678172935,0.023155533,20,44.56479902267456,0.2,0.0003,-4.535582675039768,22.203155517578125,0.0001341700553894043,0.471435546875
870,1,12.45199989,2,2048,4.92,-0.05606668073014589,0.020408347,30,53.5557176232338,0.2,0.0003,-4.441652278602123,20.8027286529541,0.0012260675430297852,0.4966796875
366,2,15.98066659,11,4096,4.99,-0.06388904789928347,0.04097721,10,23.633427128195763,0.2,0.0003,-4.83367782086134,11.727215766906738,0.000714719295501709,0.452880859375
354,3,19.043999959999997,17,6144,4.89,-0.06374714856938227,0.038386136,20,41.749207991361615,0.2,0.0003,-4.716419123113155,22.162452697753906,7.051229476928711e-05,0.502978515625
270,1,11.479999930000004,7,2048,4.92,-0.0532751996506704,0.020997278,30,51.189037358760835,0.2,0.0003,-4.601564103364945,24.026996612548828,0.00010716915130615234,0.464990234375
303,2,14.171333299999999,13,4096,4.92,-0.06572785688913427,0.03275737,10,22.71696789264679,0.2,0.0003,-4.939659726619721,11.695798873901367,7.468461990356445e-05,0.4662109375
265,3,16.514666539999997,23,6144,4.93,-0.063683499279432,0.028660674,20,34.420693814754486,0.2,0.0003,-4.848380394279957,17.816556930541992,0.00026744604110717773,0.491015625
872,1,11.851333269999998,2,2048,4.87,-0.058166242751758544,0.021917239,30,44.683112090826036,0.2,0.0003,-4.746736472845077,18.139541625976562,0.0005018711090087891,0.490771484375
344,2,14.748666589999997,11,4096,4.92,-0.06302052811079192,0.032325994,10,24.86304568648338,0.2,0.0003,-4.99353950470686,9.756632804870605,0.00034749507904052734,0.45966796875
351,3,16.928666610000004,17,6144,4.93,-0.059864481847034766,0.03047187,20,38.40632336735725,0.2,0.0003,-4.903821958601474,23.580394744873047,1.52587890625e-05,0.477490234375
269,1,12.88933327,7,2048,4.96,-0.059356225351803,0.024140913,30,46.04657073616981,0.2,0.0003,-4.7937043234705925,23.770252227783203,3.5762786865234375e-07,0.5216796875
310,2,17.277333239999997,13,4096,4.89,-0.0682707186191692,0.036317404,10,30.154917341470718,0.2,0.0003,-5.054496192932129,16.35218048095703,-0.00015497207641601562,0.4962890625
255,3,18.225333239999998,24,6144,4.9,-0.06432533594197594,0.02948314,20,43.9110504925251,0.2,0.0003,-4.967856088280678,21.646974563598633,-5.960464477539062e-07,0.498193359375
823,1,13.90933325,2,2048,4.92,-0.0588340960588539,0.023985896,30,55.1964425444603,0.2,0.0003,-4.856939363479614,26.030853271484375,3.832578659057617e-05,0.495947265625
283,2,16.130666599999998,14,4096,4.95,-0.06923858472146094,0.032309234,10,31.75551242828369,0.2,0.0003,-5.1781834155321125,11.598615646362305,0.0004672408103942871,0.507763671875
221,3,17.443333220000003,27,6144,4.92,-0.06570602359133773,0.028554007,20,45.7284164249897,0.2,0.0003,-5.0985853403806685,19.551673889160156,4.649162292480469e-06,0.5251953125
285,1,14.133333220000003,7,2048,4.96,-0.05961961559369229,0.024281356,30,55.74461745023727,0.2,0.0003,-4.994939836859703,24.092681884765625,1.2516975402832031e-06,0.5271484375
284,2,16.88999996,14,4096,4.98,-0.06993881468079052,0.03252984,10,29.988361799716948,0.2,0.0003,-5.254666784405709,18.257110595703125,2.485513687133789e-05,0.500146484375
223,3,19.10199989,27,6144,4.96,-0.060832898251828735,0.03177461,20,45.38045507669449,0.2,0.0003,-5.176766200363636,23.65508460998535,3.933906555175781e-06,0.48720703125
289,1,13.915999929999998,7,2048,4.98,-0.0656348811899079,0.02563949,30,54.46488046646118,0.2,0.0003,-5.074139392375946,34.77035903930664,1.6570091247558594e-05,0.548828125
306,2,17.334666549999998,13,4096,4.9,-0.07229978129325901,0.034808364,10,28.9744993686676,0.2,0.0003,-5.316589879989624,16.25019073486328,0.0003567934036254883,0.498681640625
238,3,19.31333325,25,6144,4.95,-0.060065458576718814,0.030118212,20,46.847073692083356,0.2,0.0003,-5.218451465666294,19.803186416625977,8.046627044677734e-06,0.49619140625
293,1,13.627999930000001,6,2048,4.98,-0.061302253419125916,0.023424286,30,54.1626837015152,0.2,0.0003,-5.094220645725727,27.279069900512695,1.3887882232666016e-05,0.53994140625
310,2,15.209999939999998,13,4096,4.89,-0.06646927905967459,0.033020116,10,30.426978665590287,0.2,0.0003,-5.318802088499069,18.30284881591797,0.00029015541076660156,0.47412109375
250,3,18.941999889999998,24,6144,4.91,-0.07074183693912346,0.030496746,20,42.76100164651871,0.2,0.0003,-5.214072097837925,23.136165618896484,1.2695789337158203e-05,0.54443359375
808,1,12.76133325,2,2048,4.98,-0.05265649023349397,0.023866802,30,53.3492836356163,0.2,0.0003,-5.109874793887139,25.89049530029297,3.1888484954833984e-05,0.451123046875
283,2,14.67333326,14,4096,4.99,-0.06937885487714084,0.033986345,10,28.189080607891082,0.2,0.0003,-5.350923793017865,16.624771118164062,0.0001519322395324707,0.506640625
235,3,17.77999988,26,6144,4.93,-0.06585987376674893,0.027665613,20,40.561604940891264,0.2,0.0003,-5.272085748612881,16.455835342407227,7.212162017822266e-06,0.495703125
825,1,13.43199995,2,2048,4.95,-0.06132337132585235,0.024797825,30,52.4429146528244,0.2,0.0003,-5.16291895210743,25.20499610900879,1.0132789611816406e-06,0.49951171875
294,2,17.8273332,13,4096,4.97,-0.0780264532804722,0.043234836,10,30.765165466070176,0.2,0.0003,-5.430877767503262,16.126680374145508,5.614757537841797e-05,0.542822265625
249,3,18.87266652,24,6144,4.95,-0.0634399283771927,0.028914493,20,44.14216246604919,0.2,0.0003,-5.335338345170021,22.640735626220703,5.960464477539062e-07,0.510888671875
817,1,12.750666549999998,2,2048,4.99,-0.06442515711823944,0.026015285,30,57.73302186727524,0.2,0.0003,-5.225047153234482,23.872438430786133,-2.384185791015625e-07,0.543017578125
282,2,16.222666559999997,14,4096,4.99,-0.07489943515101913,0.034392282,10,28.079960441589357,0.2,0.0003,-5.496688374876976,15.851866722106934,-6.413459777832031e-05,0.528466796875
242,3,18.51533325,25,6144,4.96,-0.06175366972456686,0.027991395,20,40.87143523693085,0.2,0.0003,-5.417782397568226,26.89157485961914,6.556510925292969e-07,0.474658203125
824,1,13.32533328,2,2048,4.95,-0.057785898048314265,0.027285974,30,52.538113707304,0.2,0.0003,-5.325387388467789,22.905550003051758,1.627206802368164e-05,0.49189453125
286,2,16.288666539999998,14,4096,4.94,-0.0782603107043542,0.032158557,10,28.394168144464494,0.2,0.0003,-5.5151841133832935,14.95443344116211,0.0003237724304199219,0.5515625
252,3,18.23066658,24,6144,4.91,-0.0699777070665732,0.03323532,20,44.86371628046036,0.2,0.0003,-5.438818825781345,19.985904693603516,3.635883331298828e-06,0.513330078125
817,1,13.423999909999996,2,2048,4.92,-0.06407940538629191,0.024914669,30,51.10892664194107,0.2,0.0003,-5.334520757198334,25.25498390197754,1.7881393432617188e-06,0.514013671875
275,2,14.595999900000002,14,4096,4.95,-0.07742741031106562,0.032527544,10,30.429135781526565,0.2,0.0003,-5.515752236545086,13.174721717834473,-7.033348083496094e-05,0.51875
234,3,18.375333259999998,26,6144,4.91,-0.07103211637295317,0.02916015,20,41.85075051784516,0.2,0.0003,-5.4345209613442425,24.292619705200195,9.5367431640625e-07,0.54111328125
799,1,13.52133326,2,2048,4.97,-0.06414014653128106,0.026869774,30,52.63442796468735,0.2,0.0003,-5.341519342362881,24.162691116333008,6.556510925292969e-07,0.544677734375
280,2,15.713999920000001,14,4096,4.97,-0.0750950759567786,0.0328679,10,30.48961536884308,0.2,0.0003,-5.533844693005085,14.380461692810059,1.329183578491211e-05,0.5021484375
238,3,19.231999899999998,25,6144,4.97,-0.06605306769779418,0.025884503,20,39.95469397306442,0.2,0.0003,-5.460883751511574,18.798070907592773,1.8775463104248047e-05,0.499658203125
809,1,12.741999949999997,2,2048,4.97,-0.06018390004464891,0.024588449,30,51.360614478588104,0.2,0.0003,-5.3784674689173695,26.23879623413086,3.516674041748047e-06,0.520361328125
275,2,16.25799994,14,4096,4.98,-0.07609457777871284,0.03516239,10,29.038973253965377,0.2,0.0003,-5.550280925631523,19.167844772338867,-0.00012362003326416016,0.526123046875
236,3,19.097999839999996,26,6144,4.96,-0.06575459079176653,0.03265556,20,41.471729481220244,0.2,0.0003,-5.466923926770687,16.69856834411621,1.7881393432617188e-07,0.50712890625
795,1,12.321333269999998,2,2048,4.99,-0.058921855114749636,0.030478872,30,56.27210804224014,0.2,0.0003,-5.362347985804081,30.848066329956055,1.1920928955078125e-07,0.500732421875
273,2,17.835333259999995,14,4096,4.96,-0.07118823048367631,0.030816618,10,27.871720543503763,0.2,0.0003,-5.654837171733379,19.402568817138672,-0.00025522708892822266,0.50546875
230,3,18.905999919999996,26,6144,4.96,-0.06520823481259867,0.028206863,20,45.44208140969276,0.2,0.0003,-5.576891505718232,20.043315887451172,8.58306884765625e-06,0.488916015625
778,1,13.601999900000001,2,2048,4.97,-0.06542385015200125,0.02836174,30,51.83043622970581,0.2,0.0003,-5.464237986505031,23.208599090576172,-2.86102294921875e-06,0.54951171875
274,2,15.983333219999997,14,4096,4.97,-0.06901430211437401,0.031027641,10,29.481803405284882,0.2,0.0003,-5.680009020864963,14.48854923248291,0.0001698136329650879,0.485986328125
226,3,19.12199991,27,6144,4.99,-0.06818490819132421,0.026692485,20,40.33430292010307,0.2,0.0003,-5.605159053206444,19.04436683654785,-2.384185791015625e-07,0.508056640625
366,1,14.047999909999998,5,2048,5.0,-0.0694197208242258,0.027152244,30,54.21074662804604,0.2,0.0003,-5.507771253585815,27.88686180114746,1.1920928955078125e-07,0.535888671875
272,2,15.86866656,15,4096,4.94,-0.07676729681843426,0.027666532,10,28.54462612271309,0.2,0.0003,-5.72138212621212,9.848221778869629,-0.00014507770538330078,0.514990234375
221,3,18.28466658,27,6144,4.94,-0.06728491203975864,0.02826024,20,40.8135328412056,0.2,0.0003,-5.647598403692245,17.240177154541016,2.980232238769531e-07,0.5216796875
745,1,13.284666619999998,2,2048,4.99,-0.06409643373917788,0.026061326,30,48.05970147252083,0.2,0.0003,-5.562845928966999,26.644189834594727,2.980232238769531e-07,0.526708984375
302,2,16.503333289999997,13,4096,5.0,-0.07528270492330194,0.026161978,10,28.623438370227813,0.2,0.0003,-5.7620727375149725,12.194815635681152,1.1682510375976562e-05,0.5146484375
275,3,17.62333324,22,6144,4.95,-0.06877802182279993,0.029422954,20,41.3723121881485,0.2,0.0003,-5.696724900603295,16.483253479003906,-3.5762786865234375e-07,0.51103515625
768,1,14.845333300000002,2,2048,5.0,-0.06672202292247675,0.026083978,30,50.36037499308586,0.2,0.0003,-5.605129007995129,21.23564338684082,2.384185791015625e-07,0.545849609375
259,2,15.958666639999999,15,4096,4.98,-0.08060206808440853,0.029302547,10,31.77225527763367,0.2,0.0003,-5.849439558386803,14.576146125793457,0.00017827749252319336,0.5505859375
217,3,17.74333321,28,6144,4.96,-0.06740985249198275,0.032411598,20,43.97556118369103,0.2,0.0003,-5.777247738838196,21.89371109008789,3.5762786865234375e-07,0.489697265625
759,1,13.909999840000001,2,2048,4.97,-0.0708416580571793,0.029160507,30,53.879937291145325,0.2,0.0003,-5.684394617378712,22.960979461669922,0.0,0.56328125
246,2,15.66399989,16,4096,4.98,-0.07616203301877249,0.029023267,10,30.674263030290604,0.2,0.0003,-5.9227626621723175,12.04121208190918,-0.00013375282287597656,0.531640625
219,3,18.795999880000004,28,6144,4.96,-0.06578568706172519,0.024970902,20,46.05684597492218,0.2,0.0003,-5.859726670384407,20.028413772583008,1.7881393432617188e-07,0.478173828125
904,1,12.80399991,2,2048,4.93,-0.07018445240100846,0.02919841,30,54.17632611989975,0.2,0.0003,-5.771589665114879,35.50956726074219,0.0,0.552978515625
454,2,16.59999991,9,4096,4.97,-0.07538506354612765,0.026906587,10,32.310827219486235,0.2,0.0003,-5.983978271484375,16.76820182800293,6.16312026977539e-05,0.520654296875
386,3,18.57666657,15,6144,4.99,-0.06851168692228385,0.02714222,20,40.1045657992363,0.2,0.0003,-5.928309497237206,22.772878646850586,-1.1920928955078125e-07,0.527783203125
884,1,14.785333239999998,2,2048,4.97,-0.07412422106135637,0.03355343,30,48.87883406281471,0.2,0.0003,-5.832339613139629,24.480224609375,0.0,0.57587890625
428,2,15.338666620000001,9,4096,4.98,-0.07946170338254888,0.02811021,10,30.012651872634887,0.2,0.0003,-6.0951586931943895,22.441532135009766,-8.356571197509766e-05,0.5328125
364,3,17.747333259999998,16,6144,4.95,-0.07911032973788679,0.02960432,20,39.73729459643364,0.2,0.0003,-6.035156401991844,18.6666202545166,1.1920928955078125e-07,0.579736328125
872,1,14.434666550000001,2,2048,5.0,-0.07031743046827614,0.031354815,30,50.8551931142807,0.2,0.0003,-5.95412178337574,21.169536590576172,5.960464477539063e-08,0.525439453125
413,2,14.51733333,9,4096,4.95,-0.07871374482638202,0.028516114,10,31.66384665966034,0.2,0.0003,-6.167800498008728,15.007542610168457,-9.5367431640625e-05,0.53984375
347,3,18.12999993,17,6144,5.0,-0.07775393963747775,0.031511437,20,38.58209664821625,0.2,0.0003,-6.107824397087097,22.262374877929688,1.1920928955078125e-07,0.589599609375
876,1,14.30333332,2,2048,4.99,-0.07221244744432624,0.03237532,30,49.2287182867527,0.2,0.0003,-6.033323979377746,20.651350021362305,1.7881393432617188e-07,0.549365234375
403,2,16.646666569999997,10,4096,4.97,-0.07888433853513561,0.029851682,10,29.915145659446715,0.2,0.0003,-6.177730530500412,17.447893142700195,-0.00011336803436279297,0.53056640625
343,3,18.517333259999997,17,6144,4.97,-0.07451825032767374,0.033080187,20,40.462535846233365,0.2,0.0003,-6.114329093694687,17.635833740234375,0.0,0.53095703125
861,1,12.915999859999998,2,2048,4.99,-0.07458630188193638,0.032854322,30,49.1652648627758,0.2,0.0003,-6.0380938172340395,19.63752555847168,0.0,0.574560546875
406,2,17.42933325,10,4096,4.94,-0.08190077025792561,0.029341668,10,28.32175858616829,0.2,0.0003,-6.201092566549778,12.718684196472168,0.0004558563232421875,0.542626953125
345,3,18.491333250000004,17,6144,5.0,-0.07705892066005618,0.033156425,20,42.02840823531151,0.2,0.0003,-6.133247137069702,23.10854721069336,2.980232238769531e-07,0.56875
858,1,13.335999910000004,2,2048,4.96,-0.06984433447360061,0.029772092,30,49.73886038661003,0.2,0.0003,-6.050655557215213,21.863372802734375,0.0,0.53310546875
399,2,15.651999949999999,10,4096,4.97,-0.0789278309996007,0.027992357,10,27.589101031422615,0.2,0.0003,-6.215588295459748,12.933753967285156,-4.7326087951660156e-05,0.537158203125
342,3,17.221999909999997,17,6144,5.0,-0.07113551103975624,0.031941213,20,41.22610591053963,0.2,0.0003,-6.156175120174884,21.431795120239258,1.1920928955078125e-07,0.5099609375
848,1,14.470666609999999,2,2048,4.96,-0.0712186910910532,0.027884196,30,47.71607748270035,0.2,0.0003,-6.067919783294201,24.825496673583984,-1.1920928955078125e-07,0.537255859375
400,2,15.849333289999999,10,4096,4.98,-0.07962068844644818,0.02744871,10,29.901245111227034,0.2,0.0003,-6.24269068390131,11.142927169799805,-0.00019729137420654297,0.522216796875
340,3,18.467333189999998,18,6144,5.0,-0.07404043978021946,0.028735463,20,39.71637782454491,0.2,0.0003,-6.177506694197655,20.69015884399414,1.7881393432617188e-07,0.53212890625
821,1,14.5845,2,2048,4.97,-0.0651616980903782,0.029275578,30,46.299949979782106,0.2,0.0003,-6.105123771727085,31.133350372314453,1.7881393432617188e-07,0.5111328125
372,2,16.261499999999998,10,4096,5.0,-0.0823933790117735,0.02748773,10,28.93332622051239,0.2,0.0003,-6.304776339232921,16.53213119506836,0.00012409687042236328,0.537646484375
316,3,18.191000000000003,19,6144,4.95,-0.06853807675579446,0.035080925,20,37.64393157362938,0.2,0.0003,-6.245267786085606,14.01172924041748,0.0,0.50947265625
830,1,13.104000000000001,2,2048,4.96,-0.07056935559085105,0.028355679,30,46.33269331455231,0.2,0.0003,-6.1545922085642815,24.805492401123047,0.0,0.537890625
367,2,15.431999999999995,11,4096,4.98,-0.08222928098111879,0.028421655,10,27.368218576908113,0.2,0.0003,-6.34523672759533,10.628475189208984,1.1146068572998047e-05,0.550732421875
307,3,17.6775,19,6144,4.99,-0.07610760337556713,0.031510122,20,37.12995933294296,0.2,0.0003,-6.285341718792916,16.8776798248291,0.0,0.53212890625
833,1,13.5165,2,2048,4.98,-0.07694984976842534,0.032259855,30,45.64714090824127,0.2,0.0003,-6.199447001516819,23.561809539794922,0.0,0.576123046875
386,2,15.163999999999998,10,4096,5.0,-0.08477125989156775,0.028492367,10,28.766270118951798,0.2,0.0003,-6.353548885881901,24.118000030517578,0.00018262863159179688,0.5525390625
328,3,16.554,18,6144,4.96,-0.07181198447360657,0.030388314,20,36.64531270861626,0.2,0.0003,-6.300474810600281,20.8944091796875,-2.384185791015625e-07,0.513916015625
739,1,13.803999999999998,2,2048,4.97,-0.07621994849760086,0.035804715,30,45.32170985937118,0.2,0.0003,-6.215434618294239,23.92703628540039,5.960464477539063e-08,0.570947265625
360,2,16.092,11,4096,4.98,-0.08149132381076925,0.030008305,10,29.068658190965653,0.2,0.0003,-6.38434142023325,14.92566967010498,-0.00016379356384277344,0.533642578125
307,3,17.797000000000004,19,6144,5.0,-0.0782770012068795,0.031068161,20,39.05108817219734,0.2,0.0003,-6.326295672357082,17.73084259033203,-1.1920928955078125e-07,0.562939453125
798,1,14.174,2,2048,5.0,-0.06664298952673561,0.03199119,30,48.324051690101626,0.2,0.0003,-6.247179998457431,25.297273635864258,0.0,0.529345703125
363,2,15.193500000000002,11,4096,5.0,-0.083356743195327,0.02910272,10,29.047504115104676,0.2,0.0003,-6.391521780192852,14.99731731414795,0.0002359151840209961,0.548681640625
306,3,18.513,20,6144,4.98,-0.06936950814269949,0.029880265,20,38.57103420495987,0.2,0.0003,-6.339786970615387,15.395170211791992,-1.1920928955078125e-07,0.520556640625
797,1,13.469,2,2048,4.95,-0.07511094561778009,0.03115187,30,48.50412340760231,0.2,0.0003,-6.269189624488353,20.979494094848633,0.0,0.55615234375
360,2,15.691499999999998,11,4096,5.0,-0.0837214242957998,0.025947204,10,29.550052037835123,0.2,0.0003,-6.390186463296414,16.74781608581543,-4.851818084716797e-05,0.544091796875
305,3,18.3395,20,6144,4.98,-0.0820928532979451,0.032495555,20,40.36133759021759,0.2,0.0003,-6.328513084352016,19.8105411529541,0.0,0.5638671875
782,1,14.096000000000002,2,2048,5.0,-0.07028472435922595,0.030729221,30,47.98702038526535,0.2,0.0003,-6.25707525908947,25.481433868408203,1.7881393432617188e-07,0.505810546875
359,2,16.05,11,4096,4.98,-0.08266026731871534,0.030157123,10,27.80821732878685,0.2,0.0003,-6.389917635917664,15.865571975708008,-1.1920928955078125e-05,0.5560546875
305,3,17.8165,20,6144,4.99,-0.07449524364928947,0.031384468,20,38.23228085637093,0.2,0.0003,-6.338648669421673,18.1160831451416,0.0,0.51982421875
763,1,13.022,2,2048,5.0,-0.07577487353410106,0.030394485,30,46.53336374759674,0.2,0.0003,-6.258265858888626,29.73297882080078,0.0,0.554296875
353,2,15.784,11,4096,5.0,-0.08061163826787379,0.028807264,10,27.849766266345977,0.2,0.0003,-6.397166383266449,15.252791404724121,-0.0001131296157836914,0.535595703125
296,3,18.497,20,6144,4.98,-0.07723174761340487,0.03197156,20,38.487269008159636,0.2,0.0003,-6.333021456003189,21.50130844116211,0.0,0.53095703125
798,1,14.4285,2,2048,5.0,-0.06979319198580924,0.032082908,30,46.87900544404984,0.2,0.0003,-6.252149547636509,26.847373962402344,0.0,0.52626953125
363,2,15.770000000000003,11,4096,4.98,-0.07991071302967612,0.028397327,10,30.464650362730026,0.2,0.0003,-6.3984728991985325,12.908246994018555,0.000171661376953125,0.53203125
303,3,17.1765,20,6144,5.0,-0.07539287050894927,0.03079744,20,39.81279080510139,0.2,0.0003,-6.347026729583741,17.626731872558594,-1.1920928955078125e-07,0.541357421875
797,1,13.136000000000001,2,2048,4.98,-0.0803263743116986,0.03405668,30,45.607403087615964,0.2,0.0003,-6.264293317496777,22.394363403320312,0.0,0.61689453125
355,2,16.0205,11,4096,5.0,-0.07814754445571452,0.02657498,10,28.59962379336357,0.2,0.0003,-6.405220352113247,14.494845390319824,-0.00012087821960449219,0.5216796875
302,3,18.715,20,6144,4.99,-0.07694488612760324,0.030722046,20,38.14963566064834,0.2,0.0003,-6.357413220405578,17.273134231567383,0.0,0.526904296875
752,1,13.363,2,2048,5.0,-0.07845395737531362,0.03600757,30,46.398535126447676,0.2,0.0003,-6.276311694085598,25.49907875061035,0.0,0.583740234375
330,2,15.556,12,4096,5.0,-0.08087648898654151,0.026036575,10,27.203653037548065,0.2,0.0003,-6.472727452218533,13.860936164855957,-0.0002079010009765625,0.532080078125
276,3,16.6655,22,6144,4.95,-0.07394261897716206,0.031186983,20,36.405766451358794,0.2,0.0003,-6.42075539380312,16.949176788330078,-1.1920928955078125e-07,0.5236328125
684,1,14.317499999999997,2,2048,4.99,-0.08153974109736736,0.03719814,30,45.04350478053093,0.2,0.0003,-6.330832554399967,21.955345153808594,0.0,0.605810546875
321,2,16.090999999999998,12,4096,5.0,-0.08512784939666744,0.027894855,10,27.741663682460786,0.2,0.0003,-6.496031267940998,15.062313079833984,-5.4717063903808594e-05,0.550537109375
274,3,17.26,22,6144,5.0,-0.07794065434718504,0.030841805,20,40.0159388422966,0.2,0.0003,-6.442874059081078,21.438081741333008,1.7881393432617188e-07,0.52578125
727,1,12.888999999999996,2,2048,5.0,-0.07614276988606435,0.037766814,30,41.48479068875313,0.2,0.0003,-6.367605623602867,18.970163345336914,0.0,0.569140625
329,2,14.893999999999998,12,4096,4.98,-0.084849580534501,0.026923582,10,27.479052752256393,0.2,0.0003,-6.516927771270275,16.007465362548828,1.4424324035644531e-05,0.556640625
276,3,17.3185,22,6144,4.96,-0.07806810429028702,0.031883452,20,35.75618612766266,0.2,0.0003,-6.462897503376007,16.334320068359375,0.0,0.546484375
692,1,14.113999999999997,2,2048,4.99,-0.07453781504300423,0.031796217,30,42.074878656864165,0.2,0.0003,-6.3854277491569515,25.49969482421875,1.1920928955078125e-07,0.541796875
309,2,14.703500000000002,13,4096,4.98,-0.08394781758834143,0.027923256,10,27.04714230298996,0.2,0.0003,-6.541441248357296,19.727672576904297,-8.249282836914062e-05,0.534521484375
261,3,16.615500000000004,23,6144,4.99,-0.079485399438272,0.0315161,20,38.0907745540142,0.2,0.0003,-6.489123530685902,20.808889389038086,0.0,0.5453125
716,1,14.017999999999999,2,2048,4.98,-0.08019367693632376,0.035805933,30,43.885413163900374,0.2,0.0003,-6.416870878636837,22.248519897460938,0.0,0.588134765625
319,2,15.4455,12,4096,5.0,-0.08447415282425937,0.027829653,10,27.78072939813137,0.2,0.0003,-6.5560171261429785,11.685125350952148,-6.222724914550781e-05,0.542333984375
268,3,16.859499999999997,22,6144,4.97,-0.07776785435562487,0.032520704,20,35.91238558292389,0.2,0.0003,-6.501960127055645,17.398759841918945,2.384185791015625e-07,0.55986328125
730,1,12.909500000000001,2,2048,4.93,-0.07719955837528687,0.03498794,30,43.08016384840012,0.2,0.0003,-6.4410708650946615,19.732685089111328,0.0,0.572705078125
312,2,15.272,13,4096,5.0,-0.08639178109588101,0.027233247,10,26.848013600707056,0.2,0.0003,-6.574654676020145,15.10678768157959,-1.0728836059570312e-06,0.556494140625
263,3,16.497,23,6144,4.97,-0.07424615629424806,0.033395447,20,37.63124777078629,0.2,0.0003,-6.527127414941788,19.496355056762695,0.0,0.536279296875
716,1,13.906500000000001,2,2048,5.0,-0.08411641660495661,0.03877936,30,43.54862028360367,0.2,0.0003,-6.444927871227264,19.84206199645996,5.960464477539063e-08,0.604833984375
314,2,14.437500000000002,13,4096,4.96,-0.08477257502672728,0.028704898,10,28.17947950065136,0.2,0.0003,-6.598350110650062,14.537444114685059,-0.00013124942779541016,0.542041015625
266,3,17.775,23,6144,4.95,-0.08172208657197189,0.0322958,20,35.59725224971771,0.2,0.0003,-6.5476354762911795,16.834779739379883,-1.1920928955078125e-07,0.570751953125
715,1,13.582,2,2048,5.0,-0.07866954931232613,0.034926977,30,47.046187007427214,0.2,0.0003,-6.4705003246665,21.500930786132812,-1.1920928955078125e-07,0.586669921875
299,2,15.212499999999999,13,4096,5.0,-0.08791131141842926,0.02928996,10,26.585730454325677,0.2,0.0003,-6.6367172107100485,13.958627700805664,3.1888484954833984e-05,0.555419921875
252,3,16.5995,24,6144,5.0,-0.08158849910541903,0.033955093,20,36.54103894233704,0.2,0.0003,-6.585559123754502,18.251541137695312,0.0,0.561669921875
706,1,13.331499999999998,2,2048,5.0,-0.08426498926710338,0.03627575,30,42.581713950634004,0.2,0.0003,-6.5121876090765,21.709518432617188,-1.1920928955078125e-07,0.602734375
306,2,15.280500000000002,13,4096,5.0,-0.08838980145810638,0.029434312,10,26.540664413571356,0.2,0.0003,-6.643277464807033,15.383855819702148,0.00031507015228271484,0.579541015625
257,3,17.3255,23,6144,4.99,-0.0842589085252257,0.035597198,20,37.65238253474236,0.2,0.0003,-6.586583857238293,24.249828338623047,0.0,0.593505859375
653,1,13.1165,3,2048,4.99,-0.08289469391456805,0.042057715,30,41.878767317533494,0.2,0.0003,-6.5097496002912525,15.767803192138672,0.0,0.610107421875
286,2,14.0605,14,4096,4.98,-0.08792203767807223,0.026925052,10,25.21530627310276,0.2,0.0003,-6.658301614224911,10.765198707580566,0.00017458200454711914,0.56201171875
241,3,16.747,25,6144,4.98,-0.08207646410301095,0.03460589,20,35.602558261156084,0.2,0.0003,-6.608549369871616,15.433310508728027,0.0,0.56376953125
675,1,13.282,3,2048,4.97,-0.08814360366377513,0.03850361,30,43.31834728121758,0.2,0.0003,-6.526206047832966,24.37767791748047,0.0,0.625439453125
292,2,15.289499999999999,14,4096,4.97,-0.08878581461904105,0.030226924,10,29.90645131468773,0.2,0.0003,-6.666776776313782,22.165979385375977,1.621246337890625e-05,0.560009765625
245,3,16.839999999999996,25,6144,4.99,-0.08754734552057926,0.035830423,20,36.24513490796089,0.2,0.0003,-6.614139503240585,15.701615333557129,1.1920928955078125e-07,0.603076171875
684,1,13.518000000000002,2,2048,5.0,-0.08223594135779422,0.035137463,30,45.05626720190048,0.2,0.0003,-6.545131829380989,19.893789291381836,5.960464477539063e-08,0.592724609375
276,2,14.876000000000001,14,4096,5.0,-0.08760516068577999,0.026345309,10,26.663357150554656,0.2,0.0003,-6.676875501871109,14.120515823364258,-4.267692565917969e-05,0.55302734375
231,3,17.7315,26,6144,4.99,-0.07968649152899161,0.03358706,20,33.853684675693515,0.2,0.0003,-6.625795309245587,20.381412506103516,0.0,0.55126953125
672,1,12.170500000000002,3,2048,5.0,-0.07801985226105898,0.033873238,30,44.47133359313011,0.2,0.0003,-6.551044216752052,21.712547302246094,0.0,0.554833984375
279,2,14.5765,14,4096,5.0,-0.08417028180556371,0.026780285,10,26.201271858811378,0.2,0.0003,-6.68278748691082,15.895349502563477,-0.00011706352233886719,0.553759765625
233,3,17.66,26,6144,4.97,-0.08308223863423336,0.040326465,20,36.69318889975548,0.2,0.0003,-6.628457823395729,13.795705795288086,0.0,0.5716796875
699,1,13.5065,2,2048,4.99,-0.08046243447315646,0.039499722,30,44.70599485635758,0.2,0.0003,-6.550106316804886,23.12363624572754,0.0,0.556396484375
297,2,13.869499999999999,13,4096,4.98,-0.08544009524339344,0.027156722,10,27.148303979635237,0.2,0.0003,-6.683875149488449,12.150775909423828,-0.00023293495178222656,0.547216796875
251,3,16.942999999999998,24,6144,4.97,-0.08198051585786743,0.033462767,20,34.75457341074944,0.2,0.0003,-6.634063123166561,14.758639335632324,0.0,0.568798828125
639,1,13.007999999999997,3,2048,5.0,-0.0794571709498996,0.038937084,30,40.77108103632927,0.2,0.0003,-6.566205701231956,20.146886825561523,0.0,0.572021484375
290,2,14.970500000000001,14,4096,4.98,-0.0894037238380406,0.029751165,10,26.942119818925857,0.2,0.0003,-6.714306084811687,10.409231185913086,0.00021350383758544922,0.5763671875
244,3,16.7545,25,6144,4.99,-0.08704233190510421,0.037898317,20,36.40395517945289,0.2,0.0003,-6.657874046266079,17.250394821166992,0.0,0.605126953125
674,1,13.4025,3,2048,5.0,-0.08731498247070704,0.038031347,30,41.95560116171837,0.2,0.0003,-6.578619843721389,17.4078369140625,1.7881393432617188e-07,0.62001953125
263,2,14.6925,15,4096,4.96,-0.09239093409560155,0.028034944,10,28.934222972393037,0.2,0.0003,-6.744347578287124,14.402070999145508,4.786252975463867e-05,0.57158203125
221,3,15.763,27,6144,4.99,-0.08333289712900296,0.034035727,20,33.306191557645796,0.2,0.0003,-6.696791797876358,19.44605827331543,2.384185791015625e-07,0.5826171875
668,1,12.801499999999999,3,2048,5.0,-0.08221779146115296,0.038967136,30,39.34341766238212,0.2,0.0003,-6.622836719453335,15.164759635925293,0.0,0.578076171875
278,2,14.377999999999997,14,4096,4.96,-0.08509096728812438,0.02663808,10,27.04589517712593,0.2,0.0003,-6.752277158200741,12.047223091125488,8.851289749145508e-05,0.5623046875
233,3,16.5305,26,6144,5.0,-0.0845805992546957,0.034924865,20,35.57226579785347,0.2,0.0003,-6.702635231614113,13.330981254577637,0.0,0.596044921875
607,1,13.8825,3,2048,5.0,-0.0850632558678626,0.037347067,30,41.119336211681365,0.2,0.0003,-6.632116448879242,19.04616928100586,0.0,0.60009765625
269,2,15.3245,15,4096,4.98,-0.09334980955245556,0.028981164,10,26.05213877260685,0.2,0.0003,-6.785893060266972,12.223548889160156,0.00012153387069702148,0.57021484375
226,3,17.964499999999997,27,6144,5.0,-0.08223556553130038,0.034598738,20,34.130166655778886,0.2,0.0003,-6.738589262962341,16.40941619873047,-2.384185791015625e-07,0.566162109375
666,1,12.901499999999999,3,2048,5.0,-0.08512496240291512,0.03876049,30,43.46134477853775,0.2,0.0003,-6.672835156321526,21.528911590576172,0.0,0.594970703125
260,2,13.965499999999999,15,4096,5.0,-0.09025644279608969,0.030462116,10,25.872058370709418,0.2,0.0003,-6.790796235203743,13.542866706848145,-3.2186508178710938e-06,0.580810546875
219,3,17.2085,27,6144,4.98,-0.0838596525893081,0.034290977,20,32.9917899787426,0.2,0.0003,-6.742937339842319,19.24777603149414,0.0,0.579931640625
651,1,13.073,3,2048,5.0,-0.08023899016552605,0.0379968,30,41.89276629090309,0.2,0.0003,-6.674247048795223,21.060321807861328,0.0,0.577099609375
268,2,13.708499999999999,15,4096,4.97,-0.09414400196110365,0.028103773,10,28.124089074134826,0.2,0.0003,-6.806001833081245,18.792734146118164,-0.00013875961303710938,0.58798828125
225,3,14.951999999999998,27,6144,5.0,-0.08840563631092664,0.035289943,20,34.342740279436114,0.2,0.0003,-6.754080533981323,18.778823852539062,1.1920928955078125e-07,0.61396484375
602,1,12.762000000000002,3,2048,4.98,-0.08669879850349389,0.042192314,30,38.53416963219642,0.2,0.0003,-6.675559860467911,20.175003051757812,0.0,0.62685546875
258,2,15.161000000000001,15,4096,5.0,-0.09002870994299883,0.028308539,10,23.834833618998527,0.2,0.0003,-6.850203454494476,13.240047454833984,-2.6106834411621094e-05,0.564501953125
219,3,17.323,27,6144,4.98,-0.08802627741533797,0.037415948,20,33.64779989123345,0.2,0.0003,-6.801123933494091,16.756866455078125,-1.1920928955078125e-07,0.587109375
654,1,13.752999999999997,3,2048,4.98,-0.07992866896092891,0.03918146,30,38.60726195573807,0.2,0.0003,-6.730945101380348,16.239933013916016,-1.1920928955078125e-07,0.55869140625
255,2,15.624999999999998,16,4096,5.0,-0.08734055252716644,0.026712283,10,25.112037482857705,0.2,0.0003,-6.856093461811542,11.129423141479492,-8.404254913330078e-05,0.55693359375
215,3,17.3375,28,6144,5.0,-0.08638794040016365,0.03628733,20,34.72626089453697,0.2,0.0003,-6.807475364208221,14.816924095153809,0.0,0.59658203125
615,1,12.9825,3,2048,4.98,-0.09163231368584093,0.04447446,30,43.600483095645906,0.2,0.0003,-6.7320154622197155,17.043283462524414,-1.1920928955078125e-07,0.62373046875
237,2,15.401000000000002,17,4096,5.0,-0.08645197787118378,0.027148355,10,24.836021810770035,0.2,0.0003,-6.8701118782162665,13.735688209533691,-2.849102020263672e-05,0.545703125
199,3,15.33,30,6144,5.0,-0.08240854175528511,0.03438379,20,34.10494350790977,0.2,0.0003,-6.8211561888456345,17.829681396484375,-1.1920928955078125e-07,0.55830078125
633,1,12.2395,3,2048,4.99,-0.0913488872902235,0.04093345,30,38.95383949875831,0.2,0.0003,-6.745984306931495,21.48554801940918,0.0,0.634716796875
256,2,14.707499999999998,15,4096,4.99,-0.08917029711883515,0.027975313,10,25.413257643580437,0.2,0.0003,-6.882201784849167,12.644647598266602,-6.711483001708984e-05,0.553125
214,3,17.0105,28,6144,5.0,-0.08848106695804744,0.0382801,20,35.443224030733106,0.2,0.0003,-6.835694578289986,18.34549331665039,1.1920928955078125e-07,0.590380859375
595,1,12.799,3,2048,5.0,-0.08705867698299699,0.038772456,30,41.03038002848625,0.2,0.0003,-6.767398746311665,20.092777252197266,0.0,0.60625
258,2,14.614,15,4096,4.99,-0.0895139173953794,0.02825734,10,26.17711805999279,0.2,0.0003,-6.896766459941864,10.663261413574219,7.867813110351562e-05,0.562255859375
214,3,16.369,28,6144,4.98,-0.09078476813738234,0.038587287,20,33.720782762765886,0.2,0.0003,-6.840684522688389,17.133913040161133,1.1920928955078125e-07,0.624267578125
524,1,13.281999999999998,3,2048,5.0,-0.08488206217007246,0.0395912,30,42.73740628361702,0.2,0.0003,-6.7727842524647714,21.70119857788086,0.0,0.590673828125
226,2,13.176000000000002,18,4096,4.99,-0.09151501315063797,0.028122004,10,24.58401457965374,0.2,0.0003,-6.959352302551269,13.055169105529785,-9.441375732421875e-05,0.570703125
191,3,15.781499999999996,32,6144,5.0,-0.09274984461662825,0.036892954,20,31.877633100748064,0.2,0.0003,-6.910803526639938,15.417616844177246,0.0,0.61513671875
574,1,11.751499999999998,3,2048,5.0,-0.09079048528365093,0.043486778,30,38.229615652561186,0.2,0.0003,-6.846003460884094,16.518421173095703,0.0,0.635009765625
233,2,14.471499999999999,17,4096,5.0,-0.0963139683008194,0.028778475,10,26.52437691092491,0.2,0.0003,-6.994951446354389,13.132087707519531,5.245208740234375e-05,0.597314453125
192,3,15.657,31,6144,5.0,-0.09011391864332836,0.03828288,20,29.993385827541353,0.2,0.0003,-6.9447814032435415,13.18596363067627,0.0,0.624462890625
501,1,13.328,4,2048,4.99,-0.0904163870116463,0.041561976,30,38.21720435619354,0.2,0.0003,-6.875720405578614,21.65009880065918,1.1920928955078125e-07,0.618603515625
224,2,13.410500000000003,18,4096,5.0,-0.09332433079835027,0.030050546,10,24.61562740802765,0.2,0.0003,-7.008920107781887,8.594900131225586,-9.894371032714844e-05,0.57822265625
190,3,15.425000000000002,32,6144,4.98,-0.08746324395906413,0.036571074,20,31.347746622562408,0.2,0.0003,-6.964266772568226,13.97722339630127,-1.1920928955078125e-07,0.586083984375
585,1,11.848999999999998,3,2048,4.97,-0.0863515804259805,0.045415428,30,38.18691895008087,0.2,0.0003,-6.894241301715374,16.731128692626953,0.0,0.6064453125
228,2,13.487499999999997,17,4096,5.0,-0.09179201695951633,0.028615963,10,23.66813154220581,0.2,0.0003,-7.05032257437706,9.402791023254395,-2.2292137145996094e-05,0.567578125
191,3,16.522000000000002,32,6144,5.0,-0.09245456925273174,0.040080287,20,30.291906130313873,0.2,0.0003,-7.0018904447555546,11.1167631149292,5.960464477539063e-08,0.61611328125
521,1,13.385,3,2048,5.0,-0.0925809938373277,0.043958157,30,37.963393568992615,0.2,0.0003,-6.931287661194801,15.895477294921875,0.0,0.63046875
221,2,13.9695,18,4096,5.0,-0.09784912286268081,0.032473743,10,25.121613267064095,0.2,0.0003,-7.0817894205451015,11.624216079711914,7.206201553344727e-05,0.609912109375
187,3,16.308,32,6144,5.0,-0.09421588899276685,0.038324118,20,31.370464646816252,0.2,0.0003,-7.037195046246052,14.591910362243652,-1.1920928955078125e-07,0.6408203125
558,1,12.7455,3,2048,4.98,-0.09362736111797858,0.04404661,30,37.24620729088783,0.2,0.0003,-6.974870778620243,15.097982406616211,0.0,0.633740234375
218,2,13.218500000000004,18,4096,5.0,-0.09366763770085526,0.029519126,10,22.818717205524443,0.2,0.0003,-7.102954860031605,14.839524269104004,-0.00019681453704833984,0.579833984375
181,3,16.955,33,6144,5.0,-0.0861042072006967,0.03622722,20,31.744164085388185,0.2,0.0003,-7.06129169613123,17.459396362304688,0.0,0.580517578125
547,1,13.395,3,2048,4.99,-0.08704103366908385,0.040711217,30,35.921154564619066,0.2,0.0003,-7.001902259886265,16.86850357055664,1.1920928955078125e-07,0.5974609375
216,2,13.595999999999997,18,4096,4.98,-0.09779479379649274,0.031369854,10,25.167640328407288,0.2,0.0003,-7.142169016599655,10.219204902648926,-5.257129669189453e-05,0.604052734375
180,3,14.604499999999998,34,6144,5.0,-0.09328294763618032,0.03860882,20,29.60655767917633,0.2,0.0003,-7.098292344808579,18.8029727935791,0.0,0.623974609375
511,1,13.3155,4,2048,5.0,-0.09088998086226638,0.041949317,30,34.13535254597664,0.2,0.0003,-7.04203232973814,13.216690063476562,0.0,0.6240234375
209,2,13.303999999999998,19,4096,5.0,-0.09679832906622324,0.030411175,10,22.836734291911124,0.2,0.0003,-7.151706001162529,11.2622652053833,0.00021904706954956055,0.592578125
174,3,15.737499999999997,35,6144,5.0,-0.09570494834333658,0.039531834,20,29.423398727178572,0.2,0.0003,-7.1054570659995075,14.413082122802734,5.960464477539063e-08,0.643896484375
559,1,12.314499999999999,3,2048,5.0,-0.09074586699280189,0.045001227,30,36.511486160755155,0.2,0.0003,-7.037250691652298,16.988473892211914,0.0,0.610546875
206,2,14.107499999999998,19,4096,5.0,-0.09679011875123252,0.031067703,10,23.234989044070243,0.2,0.0003,-7.160229532420635,11.041903495788574,-0.00011026859283447266,0.587158203125
168,3,15.116499999999997,36,6144,5.0,-0.09652686595218256,0.04170796,20,29.168543541431426,0.2,0.0003,-7.11518043577671,15.038207054138184,0.0,0.6419921875
545,1,12.088999999999997,3,2048,5.0,-0.08623528375755996,0.0422486,30,33.69674045443535,0.2,0.0003,-7.050990779697895,17.184452056884766,0.0,0.60517578125
204,2,13.955499999999999,20,4096,5.0,-0.09828455505485181,0.03209971,10,21.79038497507572,0.2,0.0003,-7.1695425599813465,11.977388381958008,-7.43865966796875e-05,0.60634765625
169,3,14.927499999999998,36,6144,4.99,-0.09500179102760739,0.042850845,20,29.03925295174122,0.2,0.0003,-7.1223388522863385,14.384257316589355,5.960464477539063e-08,0.61767578125
543,1,12.655999999999999,3,2048,5.0,-0.0892123856669059,0.04527665,30,34.30192638635636,0.2,0.0003,-7.062781871855259,14.033985137939453,-2.384185791015625e-07,0.6060546875
202,2,13.7335,20,4096,5.0,-0.09796004018280655,0.03143841,10,22.798846945166588,0.2,0.0003,-7.207801562547684,10.295243263244629,3.2186508178710938e-06,0.59609375
167,3,14.389499999999998,36,6144,4.98,-0.09438456807110925,0.038941715,20,29.32680388689041,0.2,0.0003,-7.166969880461693,14.2454195022583,0.0,0.628857421875
478,1,12.662499999999998,4,2048,5.0,-0.09453541360562667,0.047867935,30,35.61246138215065,0.2,0.0003,-7.0992875948548315,12.968935012817383,1.1920928955078125e-07,0.635693359375
175,2,12.567499999999997,23,4096,5.0,-0.09934600725537165,0.031924568,10,22.636752516031265,0.2,0.0003,-7.294544431567192,20.17090606689453,-0.00017917156219482422,0.6
145,3,15.4675,42,6144,5.0,-0.09590712399076437,0.03933264,20,27.42665989100933,0.2,0.0003,-7.253687790036201,12.809147834777832,-1.1920928955078125e-07,0.632177734375
445,1,15.0125,4,2048,5.0,-0.09952559428929816,0.05077102,30,32.514520931243894,0.2,0.0003,-7.186232453584671,17.85759162902832,0.0,0.680419921875
162,2,17.656000000000002,25,4096,5.0,-0.09823806314379908,0.03266502,10,41.511511743068695,0.2,0.0003,-7.464229655265808,27.954524993896484,3.713369369506836e-05,0.60361328125
133,3,16.855,45,6144,5.0,-0.0990069519757526,0.04352168,20,62.40455278158188,0.2,0.0003,-7.421631735563278,23.399511337280273,1.1920928955078125e-07,0.639453125
435,1,13.767000000000001,4,2048,5.0,-0.09913979440170806,0.051948417,30,55.37375860214233,0.2,0.0003,-7.358613251149654,24.87082290649414,5.960464477539063e-08,0.690673828125
148,2,15.4835,27,4096,5.0,-0.10214501321752323,0.034869894,10,39.155384027957915,0.2,0.0003,-7.597008629143238,13.319558143615723,-2.0265579223632812e-06,0.60771484375
120,3,16.994500000000002,51,6144,4.97,-0.10713932931539602,0.044415586,20,50.00427247881889,0.2,0.0003,-7.559825871884823,27.843711853027344,0.0,0.689404296875
353,1,15.078,5,2048,5.0,-0.10399660115508595,0.05632747,30,54.76433759331703,0.2,0.0003,-7.497883866727352,29.031572341918945,5.960464477539063e-08,0.711767578125
119,2,13.4405,34,4096,5.0,-0.10620651818753686,0.035748627,10,37.29405150413513,0.2,0.0003,-7.745869414508343,22.636592864990234,-1.0609626770019531e-05,0.62255859375
98,3,15.446999999999997,62,6144,5.0,-0.10647839785960969,0.043931514,20,40.52038151025772,0.2,0.0003,-7.712819916009903,19.35541343688965,1.1920928955078125e-07,0.708154296875
356,1,12.549500000000002,5,2048,4.98,-0.10991342055931455,0.055335145,30,51.65663326382637,0.2,0.0003,-7.662814570963382,29.99445343017578,-1.1920928955078125e-07,0.705224609375
121,2,14.772,33,4096,4.99,-0.10165429572371068,0.036933526,10,34.857714113593104,0.2,0.0003,-7.7680835410952565,18.911487579345703,5.781650543212891e-06,0.62255859375
99,3,16.238,61,6144,5.0,-0.10069869664584985,0.046453066,20,40.01076194643974,0.2,0.0003,-7.7359130859375,12.215658187866211,0.0,0.66728515625
165,1,11.902000000000001,12,2048,5.0,-0.1076875096623553,0.055457808,30,52.66019840836525,0.2,0.0003,-7.6870240971446036,33.889530181884766,0.0,0.7087890625
86,2,13.5,47,4096,5.0,-0.10556281264725839,0.038787853,10,33.41917400956154,0.2,0.0003,-7.803503806889057,12.596019744873047,6.628036499023438e-05,0.624853515625
74,3,15.189,82,6144,4.99,-0.10955829586164327,0.045225717,20,37.55818094015122,0.2,0.0003,-7.770196525752544,18.126848220825195,0.0,0.711083984375
269,1,12.64,7,2048,5.0,-0.1101212093111826,0.05812446,30,44.60512387752533,0.2,0.0003,-7.723841789364815,27.96030044555664,0.0,0.71962890625
102,2,13.485000000000003,40,4096,4.97,-0.10850446101103443,0.038145635,10,26.828369164466856,0.2,0.0003,-7.915317648649216,10.121805191040039,-6.449222564697266e-05,0.6419921875
85,3,14.5055,72,6144,5.0,-0.11265331427857746,0.050259862,20,41.37355107665062,0.2,0.0003,-7.885628390312195,23.766172409057617,0.0,0.702490234375
261,1,11.415000000000003,7,2048,5.0,-0.1113867868858506,0.057015598,30,42.06585513949394,0.2,0.0003,-7.838935044407845,25.00428581237793,0.0,0.730078125
99,2,13.056500000000002,41,4096,4.97,-0.1033753693161998,0.03778386,10,29.34036496281624,0.2,0.0003,-7.954173584282398,14.01084041595459,5.155801773071289e-05,0.6357421875
82,3,14.344499999999998,74,6144,4.97,-0.11258813294698485,0.049969986,20,37.796048897504804,0.2,0.0003,-7.9239622607827185,22.45224380493164,0.0,0.715771484375
268,1,12.28496289,7,2048,5.0,-0.11250482242539875,0.058929462,30,40.98822199106216,0.2,0.0003,-7.880454458296299,17.502714157104492,0.0,0.727392578125
99,2,15.300148119999996,41,4096,5.0,-0.10394308627146528,0.038260095,10,29.3046604514122,0.2,0.0003,-7.9762167781591415,12.857914924621582,-5.364418029785156e-06,0.624755859375
82,3,16.685629589999998,74,6144,5.0,-0.11089501733367797,0.047416657,20,39.46870175600052,0.2,0.0003,-7.946337324380875,18.246374130249023,0.0,0.700146484375
259,1,14.176666660000002,7,2048,5.0,-0.10892019075836287,0.05774295,30,46.21801055073738,0.2,0.0003,-7.907221016287804,20.019834518432617,0.0,0.72177734375
97,2,13.942222190000003,41,4096,5.0,-0.10090757948491955,0.03706242,10,34.43458347916603,0.2,0.0003,-7.9811812996864315,9.620305061340332,-9.059906005859375e-05,0.6001953125
80,3,15.97859252,76,6144,5.0,-0.11147019431518856,0.04541814,20,38.828752452135085,0.2,0.0003,-7.952225840091705,21.020082473754883,1.1920928955078125e-07,0.723486328125
248,1,14.158592569999996,8,2048,5.0,-0.11239291561796563,0.055644274,30,46.72678564786911,0.2,0.0003,-7.911728452146053,20.222227096557617,0.0,0.72333984375
95,2,14.627333310000004,42,4096,5.0,-0.10680042783933459,0.036108095,10,38.52035701274872,0.2,0.0003,-7.983974869549274,17.78993034362793,4.309415817260742e-05,0.62353515625
77,3,14.42740738,79,6144,5.0,-0.11225516866397811,0.048747785,20,40.20795677900314,0.2,0.0003,-7.952598445117474,20.1835994720459,0.0,0.745458984375
259,1,14.294148130000002,7,2048,5.0,-0.10954492839518934,0.056250073,30,43.91405378580093,0.2,0.0003,-7.911499896645546,17.037504196166992,0.0,0.72919921875
96,2,14.60881478,42,4096,5.0,-0.10552936515887268,0.038909726,10,34.10267519950867,0.2,0.0003,-8.009702113270759,18.836820602416992,4.190206527709961e-05,0.6201171875
80,3,15.178444429999999,76,6144,5.0,-0.11203037511731964,0.047333255,20,37.10388525724411,0.2,0.0003,-7.981675739586353,14.474472045898438,0.0,0.738818359375
245,1,14.106444430000002,8,2048,5.0,-0.11147050602594391,0.06079713,30,49.07382574081421,0.2,0.0003,-7.941042222082615,26.00801658630371,0.0,0.726318359375
86,2,14.645333309999998,47,4096,5.0,-0.10769416896946496,0.03827306,10,34.035117202997206,0.2,0.0003,-8.074199360609054,27.230140686035156,-2.9087066650390625e-05,0.6298828125
72,3,16.148962909999998,85,6144,5.0,-0.1144328740396304,0.048279174,20,42.428585577011106,0.2,0.0003,-8.047107511758805,12.587319374084473,-1.1920928955078125e-07,0.7271484375
237,1,13.920370290000001,8,2048,5.0,-0.11503714599748491,0.0588447,30,48.1784718811512,0.2,0.0003,-8.004830826818942,21.66459083557129,5.960464477539063e-08,0.753173828125
83,2,14.672740729999997,48,4096,4.98,-0.10556314872228541,0.037346672,10,34.29908891320228,0.2,0.0003,-8.116355922818183,13.874650955200195,-1.704692840576172e-05,0.623193359375
68,3,15.533777780000003,89,6144,5.0,-0.1165289789903909,0.046814226,20,40.736154961585996,0.2,0.0003,-8.090707007050515,19.06526756286621,0.0,0.7384765625
232,1,13.51237034,8,2048,5.0,-0.11660947109630797,0.05630187,30,46.371629279851916,0.2,0.0003,-8.0552544683218,26.79486846923828,-1.1920928955078125e-07,0.74619140625
86,2,13.943851799999997,47,4096,5.0,-0.10830680939398007,0.037824173,10,31.421041694283485,0.2,0.0003,-8.13451381623745,22.421388626098633,-1.1563301086425781e-05,0.63759765625
71,3,16.55540737,85,6144,5.0,-0.11096680013870355,0.044957757,20,36.95146759748459,0.2,0.0003,-8.110456228256226,19.11016082763672,0.0,0.723681640625
230,1,13.502518509999994,8,2048,4.99,-0.11039494011492934,0.060326084,30,46.920289969444276,0.2,0.0003,-8.07535398900509,18.739904403686523,0.0,0.734521484375
83,2,15.418444449999999,49,4096,5.0,-0.11040920676314273,0.04017681,10,30.61254209280014,0.2,0.0003,-8.154755526781083,14.771369934082031,-3.4689903259277344e-05,0.642041015625
68,3,15.108592510000001,89,6144,5.0,-0.11322044722182908,0.05195769,20,40.022785836458205,0.2,0.0003,-8.127607452869416,17.033233642578125,1.1920928955078125e-07,0.7380859375
223,1,14.747481510000002,9,2048,5.0,-0.11200106772303116,0.062484875,30,42.85411604642868,0.2,0.0003,-8.089101123809815,35.142677307128906,-1.1920928955078125e-07,0.748388671875
80,2,13.637851870000002,50,4096,5.0,-0.10949973117094487,0.041465864,10,35.79907299280167,0.2,0.0003,-8.199971833825112,17.991220474243164,-1.7404556274414062e-05,0.63369140625
67,3,14.920518529999999,91,6144,5.0,-0.1183888521627523,0.04843872,20,37.323586225509644,0.2,0.0003,-8.173635730147362,16.219676971435547,0.0,0.753515625
